3.773848173000679935e+02	1.149074074074074137e+00
3.775712127209562254e+02	1.050925925925925819e+00
3.777576086975741418e+02	9.231481481481481621e-01
3.779440052299217427e+02	8.629629629629629317e-01
3.781304023179991418e+02	7.925925925925926263e-01
3.783167999618061685e+02	8.231481481481481843e-01
3.785031981613429366e+02	8.296296296296296058e-01
3.786895969166094460e+02	9.379629629629629983e-01
3.788759962276056399e+02	9.250000000000000444e-01
3.790623960943315183e+02	8.287037037037037202e-01
3.792487965167871948e+02	8.388888888888889062e-01
3.794351974949724990e+02	8.027777777777778123e-01
3.796215990288875446e+02	8.314814814814814881e-01
3.798080011185323315e+02	8.499999999999999778e-01
3.799944037639068029e+02	8.842592592592593004e-01
3.801808069650109587e+02	9.657407407407407884e-01
3.803672107218448559e+02	9.277777777777778123e-01
3.805536150344084945e+02	9.064814814814814437e-01
3.807400199027018175e+02	8.740740740740741144e-01
3.809264253267248250e+02	8.555555555555555136e-01
3.811128313064775739e+02	8.027777777777778123e-01
3.812992378419600072e+02	8.648148148148148140e-01
3.814856449331721819e+02	8.759259259259258856e-01
3.816720525801140980e+02	9.185185185185185119e-01
3.818584607827856985e+02	8.962962962962962576e-01
3.820448695411869835e+02	8.194444444444444198e-01
3.822312788553180098e+02	8.175925925925925375e-01
3.824176887251787207e+02	7.898148148148148584e-01
3.826040991507691729e+02	8.259259259259259522e-01
3.827905101320893095e+02	8.722222222222222321e-01
3.829769216691391875e+02	9.231481481481481621e-01
3.831633337619187500e+02	1.003703703703703765e+00
3.833497464104280539e+02	1.074999999999999956e+00
3.835361596146670990e+02	1.025925925925925908e+00
3.837225733746357719e+02	9.722222222222222099e-01
3.839089876903342429e+02	9.111111111111110938e-01
3.840954025617623415e+02	8.574074074074073959e-01
3.842818179889202383e+02	8.907407407407407218e-01
3.844682339718077628e+02	8.759259259259258856e-01
3.846546505104250855e+02	9.268518518518518157e-01
3.848410676047720358e+02	9.583333333333333703e-01
3.850274852548487274e+02	8.962962962962962576e-01
3.852139034606551604e+02	8.574074074074073959e-01
3.854003222221912779e+02	8.490740740740740922e-01
3.855867415394571367e+02	8.861111111111110716e-01
3.857731614124526800e+02	8.962962962962962576e-01
3.859595818411779646e+02	9.842592592592592782e-01
3.861460028256329338e+02	1.074074074074074181e+00
3.863324243658175874e+02	1.070370370370370416e+00
3.865188464617320392e+02	1.024074074074074137e+00
3.867052691133761186e+02	9.629629629629629095e-01
3.868916923207499394e+02	9.037037037037036757e-01
3.870781160838535016e+02	8.518518518518518601e-01
3.872645404026867482e+02	8.944444444444444864e-01
3.874509652772496793e+02	8.805555555555555358e-01
3.876373907075423517e+02	9.657407407407407884e-01
3.878238166935647655e+02	8.981481481481481399e-01
3.880102432353168638e+02	8.268518518518518379e-01
3.881966703327987034e+02	8.620370370370370461e-01
3.883830979860102275e+02	8.509259259259259744e-01
3.885695261949514361e+02	8.416666666666666741e-01
3.887559549596223860e+02	8.388888888888889062e-01
3.889423842800230204e+02	9.148148148148148584e-01
3.891288141561533962e+02	1.006481481481481532e+00
3.893152445880135133e+02	1.042592592592592515e+00
3.895016755756033149e+02	9.583333333333333703e-01
3.896881071189228010e+02	8.472222222222222099e-01
3.898745392179720284e+02	8.240740740740740700e-01
3.900609718727509403e+02	8.092592592592592338e-01
3.902474050832595935e+02	8.583333333333332815e-01
3.904338388494979881e+02	8.648148148148148140e-01
3.906202731714660672e+02	9.194444444444443976e-01
3.908067080491638308e+02	8.648148148148148140e-01
3.909931434825913357e+02	7.962962962962962798e-01
3.911795794717485251e+02	8.092592592592592338e-01
3.913660160166354558e+02	8.148148148148147696e-01
3.915524531172520710e+02	8.490740740740740922e-01
3.917388907735984276e+02	8.398148148148147918e-01
3.919253289856744686e+02	8.675925925925925819e-01
3.921117677534802510e+02	9.407407407407407662e-01
3.922982070770157179e+02	9.092592592592592116e-01
3.924846469562809261e+02	8.759259259259258856e-01
3.926710873912758188e+02	8.750000000000000000e-01
3.928575283820004529e+02	8.990740740740740256e-01
3.930439699284547714e+02	8.018518518518518157e-01
3.932304120306388313e+02	7.953703703703703942e-01
3.934168546885525757e+02	8.018518518518518157e-01
3.936032979021960614e+02	9.518518518518518379e-01
3.937897416715692316e+02	8.620370370370370461e-01
3.939761859966721431e+02	8.148148148148147696e-01
3.941626308775047391e+02	8.490740740740740922e-01
3.943490763140670197e+02	8.009259259259259300e-01
3.945355223063590415e+02	8.777777777777777679e-01
3.947219688543808047e+02	9.055555555555555580e-01
3.949084159581322524e+02	9.175925925925926263e-01
3.950948636176134414e+02	9.694444444444444420e-01
3.952813118328243149e+02	1.012962962962963065e+00
3.954677606037648729e+02	9.194444444444443976e-01
3.956542099304351723e+02	8.824074074074074181e-01
3.958406598128352130e+02	8.509259259259259744e-01
3.960271102509649381e+02	8.166666666666666519e-01
3.962135612448243478e+02	8.037037037037036979e-01
3.964000127944134988e+02	8.212962962962963021e-01
3.965864648997323911e+02	8.888888888888888395e-01
3.967729175607809680e+02	9.490740740740740700e-01
3.969593707775592293e+02	9.009259259259259078e-01
3.971458245500672319e+02	8.453703703703703276e-01
3.973322788783049759e+02	8.129629629629629983e-01
3.975187337622724044e+02	8.388888888888889062e-01
3.977051892019695174e+02	8.564814814814815103e-01
3.978916451973963717e+02	9.111111111111110938e-01
3.980781017485529105e+02	9.796296296296296280e-01
3.982645588554391907e+02	1.015740740740740833e+00
3.984510165180552121e+02	9.407407407407407662e-01
3.986374747364009181e+02	8.833333333333333037e-01
3.988239335104763086e+02	8.796296296296296502e-01
3.990103928402814404e+02	8.407407407407407884e-01
3.991968527258162567e+02	8.675925925925925819e-01
3.993833131670808143e+02	8.777777777777777679e-01
3.995697741640750564e+02	9.527777777777777235e-01
3.997562357167990399e+02	9.305555555555555802e-01
3.999426978252527078e+02	8.685185185185184675e-01
4.001291604894361171e+02	8.777777777777777679e-01
4.003156237093492109e+02	8.694444444444444642e-01
4.005020874849920460e+02	8.675925925925925819e-01
4.006885518163645656e+02	8.592592592592592782e-01
4.008750167034668266e+02	9.601851851851851416e-01
4.010614821462987720e+02	1.055555555555555580e+00
4.012479481448604588e+02	1.010185185185185075e+00
4.014344146991518301e+02	9.796296296296296280e-01
4.016208818091729427e+02	9.916666666666666963e-01
4.018073494749237398e+02	9.629629629629629095e-01
4.019938176964042782e+02	8.768518518518518823e-01
4.021802864736145011e+02	8.370370370370370239e-01
4.023667558065544085e+02	8.824074074074074181e-01
4.025532256952241141e+02	1.024074074074074137e+00
4.027396961396234474e+02	9.666666666666666741e-01
4.029261671397525220e+02	9.018518518518519045e-01
4.031126386956113379e+02	9.222222222222222765e-01
4.032991108071998383e+02	9.268518518518518157e-01
4.034855834745180232e+02	9.351851851851852304e-01
4.036720566975660063e+02	9.462962962962963021e-01
4.038585304763436170e+02	1.008333333333333304e+00
4.040450048108509691e+02	1.094444444444444553e+00
4.042314797010880625e+02	9.638888888888889062e-01
4.044179551470548404e+02	9.055555555555555580e-01
4.046044311487513028e+02	9.259259259259259300e-01
4.047909077061775065e+02	9.259259259259259300e-01
4.049773848193334516e+02	9.101851851851852082e-01
4.051638624882190811e+02	9.222222222222222765e-01
4.053503407128343952e+02	9.185185185185185119e-01
4.055368194931794505e+02	1.026851851851851904e+00
4.057232988292541904e+02	9.787037037037037424e-01
4.059097787210586716e+02	9.009259259259259078e-01
4.060962591685928942e+02	9.490740740740740700e-01
4.062827401718568012e+02	9.527777777777777235e-01
4.064692217308503928e+02	9.805555555555555136e-01
4.066557038455737256e+02	9.685185185185185563e-01
4.068421865160267430e+02	9.907407407407406996e-01
4.070286697422095017e+02	1.084259259259259256e+00
4.072151535241219449e+02	1.000925925925925997e+00
4.074016378617641294e+02	9.675925925925925597e-01
4.075881227551360553e+02	9.620370370370370239e-01
4.077746082042376088e+02	9.833333333333332815e-01
4.079610942090689605e+02	9.611111111111111382e-01
4.081475807696299398e+02	9.324074074074074625e-01
4.083340678859207173e+02	9.296296296296295836e-01
4.085205555579411794e+02	1.007407407407407307e+00
4.087070437856913259e+02	9.870370370370370461e-01
4.088935325691711569e+02	9.175925925925926263e-01
4.090800219083807860e+02	9.250000000000000444e-01
4.092665118033200429e+02	8.824074074074074181e-01
4.094530022539890979e+02	8.629629629629629317e-01
4.096394932603877805e+02	8.981481481481481399e-01
4.098259848225162614e+02	9.972222222222222321e-01
4.100124769403743699e+02	1.125925925925925997e+00
4.101989696139622197e+02	1.046296296296296280e+00
4.103854628432798108e+02	9.861111111111111605e-01
4.105719566283270865e+02	9.277777777777778123e-01
4.107584509691041035e+02	9.407407407407407662e-01
4.109449458656108050e+02	9.194444444444443976e-01
4.111314413178472478e+02	9.222222222222222765e-01
4.113179373258133751e+02	9.509259259259259522e-01
4.115044338895091869e+02	1.059259259259259345e+00
4.116909310089347400e+02	1.088888888888888795e+00
4.118774286840900345e+02	9.407407407407407662e-01
4.120639269149750135e+02	9.185185185185185119e-01
4.122504257015896769e+02	9.148148148148148584e-01
4.124369250439340817e+02	9.694444444444444420e-01
4.126234249420082278e+02	9.574074074074073737e-01
4.128099253958120585e+02	9.833333333333332815e-01
4.129964264053455736e+02	1.069444444444444420e+00
4.131829279706088300e+02	1.042592592592592515e+00
4.133694300916018278e+02	9.509259259259259522e-01
4.135559327683245101e+02	9.212962962962962798e-01
4.137424360007768769e+02	9.175925925925926263e-01
4.139289397889589850e+02	8.824074074074074181e-01
4.141154441328708344e+02	9.305555555555555802e-01
4.143019490325123115e+02	9.435185185185185341e-01
4.144884544878835868e+02	1.009259259259259300e+00
4.146749604989845466e+02	9.564814814814814881e-01
4.148614670658151908e+02	8.842592592592593004e-01
4.150479741883755764e+02	8.981481481481481399e-01
4.152344818666656465e+02	8.787037037037036535e-01
4.154209901006854579e+02	9.462962962962963021e-01
4.156074988904349539e+02	9.425925925925925375e-01
4.157940082359141911e+02	1.020370370370370372e+00
4.159805181371231697e+02	1.139814814814814836e+00
4.161670285940617759e+02	1.123148148148148229e+00
4.163535396067301804e+02	1.050000000000000044e+00
4.165400511751282693e+02	1.015740740740740833e+00
4.167265632992560427e+02	9.768518518518518601e-01
4.169130759791135006e+02	9.064814814814814437e-01
4.170995892147007567e+02	9.555555555555556024e-01
4.172861030060176972e+02	9.333333333333333481e-01
4.174726173530643223e+02	9.444444444444444198e-01
4.176591322558406318e+02	9.259259259259259300e-01
4.178456477143466827e+02	8.388888888888889062e-01
4.180321637285824750e+02	8.953703703703703720e-01
4.182186802985479517e+02	8.925925925925926041e-01
4.184051974242431697e+02	9.472222222222221877e-01
4.185917151056680723e+02	9.935185185185184675e-01
4.187782333428227162e+02	1.039814814814814747e+00
4.189647521357070445e+02	1.125925925925925997e+00
4.191512714843211143e+02	9.611111111111111382e-01
4.193377913886648685e+02	9.166666666666666297e-01
4.195243118487383072e+02	8.888888888888888395e-01
4.197108328645414872e+02	8.750000000000000000e-01
4.198973544360744086e+02	9.064814814814814437e-01
4.200838765633370144e+02	9.824074074074073959e-01
4.202703992463293616e+02	1.034259259259259212e+00
4.204569224850513365e+02	1.089814814814814792e+00
4.206434462795031095e+02	9.722222222222222099e-01
4.208299706296845670e+02	9.416666666666666519e-01
4.210164955355957090e+02	9.953703703703703498e-01
4.212030209972366492e+02	9.379629629629629983e-01
4.213895470146072171e+02	9.499999999999999556e-01
4.215760735877075263e+02	1.008333333333333304e+00
4.217626007165375199e+02	1.090740740740740788e+00
4.219491284010972549e+02	1.197222222222222188e+00
4.221356566413867313e+02	1.067592592592592649e+00
4.223221854374058921e+02	1.012037037037037068e+00
4.225087147891547374e+02	9.749999999999999778e-01
4.226952446966333241e+02	9.324074074074074625e-01
4.228817751598415953e+02	8.546296296296296280e-01
4.230683061787796078e+02	8.768518518518518823e-01
4.232548377534473047e+02	9.777777777777777457e-01
4.234413698838447999e+02	1.062962962962962887e+00
4.236279025699719227e+02	1.063888888888888884e+00
4.238144358118287869e+02	9.962962962962963465e-01
4.240009696094153355e+02	1.003703703703703765e+00
4.241875039627316255e+02	9.712962962962963243e-01
4.243740388717776000e+02	1.029629629629629672e+00
4.245605743365533158e+02	1.082407407407407485e+00
4.247471103570587161e+02	1.131481481481481532e+00
4.249336469332938577e+02	1.175925925925925819e+00
4.251201840652586839e+02	1.157407407407407440e+00
4.253067217529532513e+02	1.069444444444444420e+00
4.254932599963775033e+02	1.030555555555555447e+00
4.256797987955314966e+02	1.018518518518518601e+00
4.258663381504151744e+02	1.032407407407407440e+00
4.260528780610285935e+02	1.062962962962962887e+00
4.262394185273716971e+02	1.058333333333333348e+00
4.264259595494445421e+02	1.168518518518518512e+00
4.266125011272470715e+02	1.125000000000000000e+00
4.267990432607792854e+02	1.068518518518518423e+00
4.269855859500412407e+02	1.270370370370370372e+00
4.271721291950329373e+02	1.350925925925925863e+00
4.273586729957543184e+02	1.456481481481481488e+00
4.275452173522054409e+02	1.459259259259259256e+00
4.277317622643862478e+02	1.358333333333333393e+00
4.279183077322967392e+02	1.321296296296296191e+00
4.281048537559369720e+02	1.206481481481481488e+00
4.282914003353069461e+02	1.140740740740740833e+00
4.284779474704066047e+02	1.046296296296296280e+00
4.286644951612360046e+02	1.034259259259259212e+00
4.288510434077950322e+02	9.907407407407406996e-01
4.290375922100838579e+02	1.015740740740740833e+00
4.292241415681023682e+02	1.020370370370370372e+00
4.294106914818505629e+02	1.063888888888888884e+00
4.295972419513285558e+02	1.026851851851851904e+00
4.297837929765361764e+02	9.509259259259259522e-01
4.299703445574735383e+02	9.657407407407407884e-01
4.301568966941405847e+02	1.000000000000000000e+00
4.303434493865373724e+02	1.036111111111111205e+00
4.305300026346639015e+02	1.065740740740740655e+00
4.307165564385201151e+02	1.107407407407407396e+00
4.309031107981060131e+02	1.225000000000000089e+00
4.310896657134216525e+02	1.176851851851851816e+00
4.312762211844669764e+02	1.110185185185185164e+00
4.314627772112420416e+02	1.128703703703703765e+00
4.316493337937467913e+02	1.076851851851851949e+00
4.318358909319812824e+02	1.004629629629629539e+00
4.320224486259455148e+02	9.787037037037037424e-01
4.322090068756393748e+02	1.007407407407407307e+00
4.323955656810630330e+02	1.137037037037037068e+00
4.325821250422163757e+02	1.087962962962963021e+00
4.327686849590994029e+02	9.833333333333332815e-01
4.329552454317121715e+02	9.972222222222222321e-01
4.331418064600546245e+02	1.001851851851851771e+00
4.333283680441268189e+02	1.068518518518518423e+00
4.335149301839286977e+02	1.136111111111111072e+00
4.337014928794602611e+02	1.171296296296296280e+00
4.338880561307216226e+02	1.255555555555555536e+00
4.340746199377126686e+02	1.217592592592592560e+00
4.342611843004333991e+02	1.145370370370370372e+00
4.344477492188838141e+02	1.056481481481481577e+00
4.346343146930639705e+02	1.035185185185185208e+00
4.348208807229738682e+02	9.962962962962963465e-01
4.350074473086134503e+02	1.032407407407407440e+00
4.351940144499827738e+02	1.052777777777777812e+00
4.353805821470817818e+02	1.150925925925925908e+00
4.355671503999105312e+02	1.063888888888888884e+00
4.357537192084689650e+02	1.017592592592592604e+00
4.359402885727570833e+02	1.067592592592592649e+00
4.361268584927749430e+02	1.012037037037037068e+00
4.363134289685225440e+02	1.004629629629629539e+00
4.364999999999998295e+02	1.024074074074074137e+00
4.366865715872068563e+02	1.107407407407407396e+00
4.368731437301435676e+02	1.200925925925925952e+00
4.370597164288099634e+02	1.104629629629629628e+00
4.372462896832061006e+02	1.042592592592592515e+00
4.374328634933319790e+02	1.050000000000000044e+00
4.376194378591875420e+02	1.040740740740740744e+00
4.378060127807727895e+02	1.080555555555555491e+00
4.379925882580877783e+02	1.103703703703703631e+00
4.381791642911324516e+02	1.099074074074074092e+00
4.383657408799068662e+02	1.211111111111111027e+00
4.385523180244110222e+02	1.102777777777777857e+00
4.387388957246448626e+02	1.042592592592592515e+00
4.389254739806083876e+02	1.064814814814814881e+00
4.391120527923016539e+02	1.062962962962962887e+00
4.392986321597246047e+02	1.087037037037037024e+00
4.394852120828772968e+02	1.075925925925925952e+00
4.396717925617597302e+02	1.153703703703703676e+00
4.398583735963718482e+02	1.292592592592592515e+00
4.400449551867136506e+02	1.348148148148148096e+00
4.402315373327851944e+02	1.228703703703703631e+00
4.404181200345864227e+02	1.144444444444444375e+00
4.406047032921173923e+02	1.119444444444444464e+00
4.407912871053780464e+02	1.065740740740740655e+00
4.409778714743684418e+02	1.116666666666666696e+00
4.411644563990885217e+02	1.096296296296296324e+00
4.413510418795383430e+02	1.187962962962962887e+00
4.415376279157178487e+02	1.150925925925925908e+00
4.417242145076270958e+02	1.055555555555555580e+00
4.419108016552660274e+02	1.058333333333333348e+00
4.420973893586347003e+02	1.047222222222222276e+00
4.422839776177330577e+02	1.089814814814814792e+00
4.424705664325611565e+02	1.078703703703703720e+00
4.426571558031189397e+02	1.098148148148148096e+00
4.428437457294064643e+02	1.194444444444444420e+00
4.430303362114236734e+02	1.247222222222222232e+00
4.432169272491705669e+02	1.197222222222222188e+00
4.434035188426472587e+02	1.162962962962962976e+00
4.435901109918535781e+02	1.142592592592592604e+00
4.437767036967896388e+02	1.104629629629629628e+00
4.439632969574554409e+02	1.087962962962963021e+00
4.441498907738509274e+02	1.082407407407407485e+00
4.443364851459760985e+02	1.234259259259259167e+00
4.445230800738310108e+02	1.314814814814814881e+00
4.447096755574156646e+02	1.179629629629629584e+00
4.448962715967300028e+02	1.140740740740740833e+00
4.450828681917740823e+02	1.107407407407407396e+00
4.452694653425478464e+02	1.127777777777777768e+00
4.454560630490512949e+02	1.158333333333333437e+00
4.456426613112844848e+02	1.207407407407407485e+00
4.458292601292473591e+02	1.335185185185185253e+00
4.460158595029399748e+02	1.271296296296296369e+00
4.462024594323623319e+02	1.227777777777777857e+00
4.463890599175143734e+02	1.187037037037037113e+00
4.465756609583960994e+02	1.130555555555555536e+00
4.467622625550075668e+02	1.010185185185185075e+00
4.469488647073487755e+02	1.012037037037037068e+00
4.471354674154196118e+02	1.019444444444444375e+00
4.473220706792202463e+02	1.176851851851851816e+00
4.475086744987505654e+02	1.192592592592592649e+00
4.476952788740105689e+02	1.122222222222222232e+00
4.478818838050003137e+02	1.164814814814814747e+00
4.480684892917197431e+02	1.149999999999999911e+00
4.482550953341689137e+02	1.138888888888888840e+00
4.484417019323477689e+02	1.119444444444444464e+00
4.486283090862563654e+02	1.127777777777777768e+00
4.488149167958946464e+02	1.262962962962963065e+00
4.490015250612626687e+02	1.275925925925925908e+00
4.491881338823603755e+02	1.164814814814814747e+00
4.493747432591878805e+02	1.086111111111111027e+00
4.495613531917450132e+02	1.097222222222222321e+00
4.497479636800318303e+02	1.069444444444444420e+00
4.499345747240484457e+02	1.086111111111111027e+00
4.501211863237947455e+02	1.077777777777777724e+00
4.503077984792706729e+02	1.143518518518518601e+00
4.504944111904763986e+02	1.156481481481481444e+00
4.506810244574118087e+02	1.083333333333333259e+00
4.508676382800769602e+02	1.007407407407407307e+00
4.510542526584717962e+02	9.879629629629629317e-01
4.512408675925963735e+02	1.087037037037037024e+00
4.514274830824506353e+02	1.119444444444444464e+00
4.516140991280346384e+02	1.162037037037036979e+00
4.518007157293483260e+02	1.195370370370370416e+00
4.519873328863917550e+02	1.221296296296296324e+00
4.521739505991648684e+02	1.155555555555555447e+00
4.523605688676676664e+02	1.179629629629629584e+00
4.525471876919002057e+02	1.225925925925925863e+00
4.527338070718624863e+02	1.147222222222222143e+00
4.529204270075544514e+02	1.100925925925925863e+00
4.531070474989761578e+02	1.075925925925925952e+00
4.532936685461274919e+02	1.178703703703703809e+00
4.534802901490086242e+02	1.184259259259259345e+00
4.536669123076194410e+02	1.131481481481481532e+00
4.538535350219599422e+02	1.167592592592592515e+00
4.540401582920302417e+02	1.151851851851851904e+00
4.542267821178301688e+02	1.211111111111111027e+00
4.544134064993598372e+02	1.191666666666666652e+00
4.546000314366191901e+02	1.156481481481481444e+00
4.547866569296082844e+02	1.219444444444444553e+00
4.549732829783271200e+02	1.304629629629629584e+00
4.551599095827756400e+02	1.222222222222222321e+00
4.553465367429538446e+02	1.149074074074074137e+00
4.555331644588617905e+02	1.108333333333333393e+00
4.557197927304994209e+02	1.077777777777777724e+00
4.559064215578667927e+02	1.119444444444444464e+00
4.560930509409638489e+02	1.119444444444444464e+00
4.562796808797906465e+02	1.225925925925925863e+00
4.564663113743471285e+02	1.198148148148148184e+00
4.566529424246333519e+02	1.103703703703703631e+00
4.568395740306492598e+02	1.093518518518518556e+00
4.570262061923949659e+02	1.077777777777777724e+00
4.572128389098702996e+02	1.125925925925925997e+00
4.573994721830753178e+02	1.172222222222222276e+00
4.575861060120101342e+02	1.215740740740740788e+00
4.577727403966746351e+02	1.312037037037037113e+00
4.579593753370688205e+02	1.201851851851851949e+00
4.581460108331926904e+02	1.180555555555555580e+00
4.583326468850463016e+02	1.140740740740740833e+00
4.585192834926297110e+02	1.122222222222222232e+00
4.587059206559427480e+02	1.108333333333333393e+00
4.588925583749854695e+02	1.128703703703703765e+00
4.590791966497579324e+02	1.116666666666666696e+00
4.592658354802601366e+02	1.139814814814814836e+00
4.594524748664920253e+02	1.198148148148148184e+00
4.596391148084536553e+02	1.147222222222222143e+00
4.598257553061449698e+02	1.205555555555555491e+00
4.600123963595659689e+02	1.198148148148148184e+00
4.601990379687167660e+02	1.225925925925925863e+00
4.603856801335971909e+02	1.226851851851851860e+00
4.605723228542074139e+02	1.254629629629629539e+00
4.607589661305472646e+02	1.361111111111111160e+00
4.609456099626168566e+02	1.359259259259259167e+00
4.611322543504161331e+02	1.330555555555555491e+00
4.613188992939452078e+02	1.331481481481481488e+00
4.615055447932039101e+02	1.272222222222222143e+00
4.616921908481923538e+02	1.244444444444444464e+00
4.618788374589105388e+02	1.262962962962963065e+00
4.620654846253584083e+02	1.257407407407407307e+00
4.622521323475359623e+02	1.394444444444444375e+00
4.624387806254432576e+02	1.344444444444444553e+00
4.626254294590802374e+02	1.325925925925925952e+00
4.628120788484469585e+02	1.387962962962963065e+00
4.629987287935434210e+02	1.346296296296296324e+00
4.631853792943695680e+02	1.377777777777777768e+00
4.633720303509253995e+02	1.415740740740740744e+00
4.635586819632109723e+02	1.485185185185185164e+00
4.637453341312262864e+02	1.561111111111111116e+00
4.639319868549712282e+02	1.445370370370370416e+00
4.641186401344459682e+02	1.387962962962963065e+00
4.643052939696503927e+02	1.362962962962962932e+00
4.644919483605845016e+02	1.334259259259259256e+00
4.646786033072483519e+02	1.304629629629629584e+00
4.648652588096418867e+02	1.343518518518518556e+00
4.650519148677651629e+02	1.350925925925925863e+00
4.652385714816181235e+02	1.456481481481481488e+00
4.654252286512008254e+02	1.455555555555555491e+00
4.656118863765132119e+02	1.348148148148148096e+00
4.657985446575553397e+02	1.359259259259259167e+00
4.659852034943271519e+02	1.375925925925925997e+00
4.661718628868287055e+02	1.429629629629629584e+00
4.663585228350599436e+02	1.450925925925925952e+00
4.665451833390209231e+02	1.516666666666666607e+00
4.667318443987115870e+02	1.612962962962962932e+00
4.669185060141319923e+02	1.587037037037037024e+00
4.671051681852820820e+02	1.466666666666666563e+00
4.672918309121619131e+02	1.469444444444444553e+00
4.674784941947714287e+02	1.525925925925925908e+00
4.676651580331106288e+02	1.503703703703703765e+00
4.678518224271796271e+02	1.464814814814814792e+00
4.680384873769782530e+02	1.467592592592592560e+00
4.682251528825066771e+02	1.562037037037037113e+00
4.684118189437647288e+02	1.548148148148148051e+00
4.685984855607525219e+02	1.556481481481481577e+00
4.687851527334700563e+02	1.555555555555555580e+00
4.689718204619172752e+02	1.524074074074074137e+00
4.691584887460941786e+02	1.578703703703703720e+00
4.693451575860008234e+02	1.615740740740740700e+00
4.695318269816372094e+02	1.653703703703703676e+00
4.697184969330032800e+02	1.691666666666666652e+00
4.699051674400990350e+02	1.749074074074074003e+00
4.700918385029245314e+02	1.659259259259259212e+00
4.702785101214797692e+02	1.656481481481481444e+00
4.704651822957646914e+02	1.678703703703703809e+00
4.706518550257792981e+02	1.600925925925925863e+00
4.708385283115236462e+02	1.624074074074074003e+00
4.710252021529977355e+02	1.665740740740740744e+00
4.712118765502015094e+02	1.762962962962963065e+00
4.713985515031349678e+02	1.727777777777777857e+00
4.715852270117981675e+02	1.653703703703703676e+00
4.717719030761910517e+02	1.645370370370370372e+00
4.719585796963136772e+02	1.620370370370370461e+00
4.721452568721659873e+02	1.669444444444444509e+00
4.723319346037480955e+02	1.710185185185185253e+00
4.725186128910598313e+02	1.762037037037037068e+00
4.727052917341012517e+02	1.862962962962962932e+00
4.728919711328724702e+02	1.795370370370370283e+00
4.730786510873733732e+02	1.772222222222222143e+00
4.732653315976039607e+02	1.762962962962963065e+00
4.734520126635642896e+02	1.739814814814814925e+00
4.736386942852543029e+02	1.740740740740740700e+00
4.738253764626740576e+02	1.783333333333333437e+00
4.740120591958234968e+02	1.812037037037037113e+00
4.741987424847026773e+02	1.965740740740740788e+00
4.743854263293115423e+02	1.919444444444444509e+00
4.745721107296501486e+02	1.917592592592592515e+00
4.747587956857184395e+02	1.952777777777777724e+00
4.749454811975164716e+02	1.916666666666666741e+00
4.751321672650441883e+02	1.994444444444444464e+00
4.753188538883016463e+02	2.059259259259259345e+00
4.755055410672887888e+02	2.158333333333333215e+00
4.756922288020056726e+02	2.243518518518518690e+00
4.758789170924522409e+02	2.186111111111110894e+00
4.760656059386285506e+02	2.145370370370370150e+00
4.762522953405344879e+02	2.112037037037036935e+00
4.764389852981702234e+02	2.049999999999999822e+00
4.766256758115356433e+02	2.110185185185185386e+00
4.768123668806308046e+02	2.220370370370370328e+00
4.769990585054556504e+02	2.292592592592592737e+00
4.771857506860102376e+02	2.400925925925926130e+00
4.773724434222945092e+02	2.276851851851851904e+00
4.775591367143084653e+02	2.187962962962962887e+00
4.777458305620521628e+02	2.215740740740740566e+00
4.779325249655255448e+02	2.239814814814814703e+00
4.781192199247286680e+02	2.330555555555555713e+00
4.783059154396615327e+02	2.375000000000000000e+00
4.784926115103240818e+02	2.460185185185185031e+00
4.786793081367163722e+02	2.512962962962963065e+00
4.788660053188383472e+02	2.557407407407407351e+00
4.790527030566900066e+02	2.456481481481481488e+00
4.792394013502714074e+02	2.362962962962963154e+00
4.794261001995824927e+02	2.347222222222222321e+00
4.796127996046233193e+02	2.338888888888889017e+00
4.797994995653938304e+02	2.408333333333333215e+00
4.799862000818941397e+02	2.473148148148148096e+00
4.801729011541240766e+02	2.543518518518518512e+00
4.803596027820837548e+02	2.549074074074074048e+00
4.805463049657731176e+02	2.504629629629629761e+00
4.807330077051922217e+02	2.530555555555555447e+00
4.809197110003410103e+02	2.474074074074073870e+00
4.811064148512195402e+02	2.452777777777777946e+00
4.812931192578278115e+02	2.484259259259259167e+00
4.814798242201657104e+02	2.475925925925925863e+00
4.816665297382334074e+02	2.459259259259259256e+00
4.818532358120307322e+02	2.470370370370370328e+00
4.820399424415578551e+02	2.412962962962962976e+00
4.822266496268146057e+02	2.416666666666666519e+00
4.824133573678011544e+02	2.424074074074074048e+00
4.826000656645173308e+02	2.457407407407407263e+00
4.827867745169633054e+02	2.489814814814814703e+00
4.829734839251389076e+02	2.417592592592592737e+00
4.831601938890443080e+02	2.462962962962962798e+00
4.833469044086793360e+02	2.484259259259259167e+00
4.835336154840441054e+02	2.380555555555555536e+00
4.837203271151386161e+02	2.339814814814814792e+00
4.839070393019628114e+02	2.308333333333333126e+00
4.840937520445167479e+02	2.295370370370370505e+00
4.842804653428003689e+02	2.339814814814814792e+00
4.844671791968137313e+02	2.375925925925925775e+00
4.846538936065567782e+02	2.399999999999999911e+00
4.848406085720295096e+02	2.404629629629629672e+00
4.850273240932319823e+02	2.306481481481481577e+00
4.852140401701641963e+02	2.250925925925925775e+00
4.854007568028260948e+02	2.239814814814814703e+00
4.855874739912177347e+02	2.200000000000000178e+00
4.857741917353390591e+02	2.270370370370370150e+00
4.859609100351900679e+02	2.271296296296296369e+00
4.861476288907708181e+02	2.276851851851851904e+00
4.863343483020813096e+02	2.185185185185185119e+00
4.865210682691214288e+02	2.203703703703703720e+00
4.867077887918913461e+02	2.240740740740740922e+00
4.868945098703909480e+02	2.225925925925925863e+00
4.870812315046202912e+02	2.236111111111111160e+00
4.872679536945793188e+02	2.214814814814814792e+00
4.874546764402680310e+02	2.225925925925925863e+00
4.876413997416864845e+02	2.295370370370370505e+00
4.878281235988346225e+02	2.368518518518518690e+00
4.880148480117125018e+02	2.325000000000000178e+00
4.882015729803200657e+02	2.280555555555555447e+00
4.883882985046574277e+02	2.269444444444444375e+00
4.885750245847244173e+02	2.177777777777777590e+00
4.887617512205211483e+02	2.157407407407407440e+00
4.889484784120475638e+02	2.094444444444444553e+00
4.891352061593037206e+02	2.148148148148148362e+00
4.893219344622895619e+02	2.127777777777777768e+00
4.895086633210051446e+02	2.034259259259259434e+00
4.896953927354504117e+02	2.002777777777777768e+00
4.898821227056254202e+02	2.015740740740740833e+00
4.900688532315301131e+02	2.019444444444444375e+00
4.902555843131645474e+02	2.020370370370370150e+00
4.904423159505287231e+02	2.094444444444444553e+00
4.906290481436225264e+02	2.191666666666666874e+00
4.908157808924461278e+02	2.180555555555555358e+00
4.910025141969993570e+02	2.154629629629629672e+00
4.911892480572823274e+02	2.106481481481481399e+00
4.913759824732950392e+02	2.033333333333333215e+00
4.915627174450374355e+02	1.923148148148148051e+00
4.917494529725095731e+02	1.935185185185185119e+00
4.919361890557113952e+02	1.925000000000000044e+00
4.921229256946429587e+02	2.013888888888888840e+00
4.923096628893042066e+02	1.975925925925925863e+00
4.924964006396951390e+02	1.793518518518518512e+00
4.926831389458158128e+02	1.852777777777777857e+00
4.928698778076662279e+02	1.899074074074074137e+00
4.930566172252463275e+02	1.834259259259259256e+00
4.932433571985561684e+02	1.824074074074074181e+00
4.934300977275956939e+02	1.949999999999999956e+00
4.936168388123649038e+02	2.039814814814814969e+00
4.938035804528639119e+02	2.052777777777777590e+00
4.939903226490925476e+02	1.952777777777777724e+00
4.941770654010509247e+02	1.916666666666666741e+00
4.943638087087390431e+02	1.911111111111111205e+00
4.945505525721568461e+02	1.832407407407407485e+00
4.947372969913043335e+02	1.875000000000000000e+00
4.949240419661815622e+02	1.896296296296296369e+00
4.951107874967885323e+02	1.983333333333333393e+00
4.952975335831251869e+02	1.908333333333333437e+00
4.954842802251915259e+02	1.912037037037036979e+00
4.956710274229876063e+02	1.925000000000000044e+00
4.958577751765133712e+02	1.895370370370370372e+00
4.960445234857688774e+02	1.937962962962962887e+00
4.962312723507541250e+02	1.899999999999999911e+00
4.964180217714690571e+02	1.952777777777777724e+00
4.966047717479136736e+02	2.108333333333333393e+00
4.967915222800880315e+02	2.043518518518518512e+00
4.969782733679920739e+02	1.893518518518518601e+00
4.971650250116258576e+02	1.910185185185185208e+00
4.973517772109893258e+02	1.932407407407407351e+00
4.975385299660825353e+02	1.848148148148148096e+00
4.977252832769054294e+02	1.816666666666666652e+00
4.979120371434580647e+02	1.893518518518518601e+00
4.980987915657404415e+02	2.080555555555555713e+00
4.982855465437524458e+02	1.989814814814814925e+00
4.984723020774942484e+02	1.819444444444444420e+00
4.986590581669656785e+02	1.868518518518518468e+00
4.988458148121668501e+02	1.880555555555555536e+00
4.990325720130978198e+02	1.964814814814814792e+00
4.992193297697584171e+02	2.013888888888888840e+00
4.994060880821486990e+02	2.016666666666666607e+00
4.995928469502687221e+02	2.085185185185185031e+00
4.997796063741184867e+02	2.062037037037037113e+00
4.999663663536979357e+02	1.911111111111111205e+00
5.001531268890071260e+02	1.912962962962962976e+00
5.003398879800460008e+02	1.945370370370370416e+00
5.005266496268146170e+02	1.972222222222222321e+00
5.007134118293129177e+02	1.988888888888888928e+00
5.009001745875409597e+02	1.961111111111111027e+00
5.010869379014986862e+02	2.026851851851851904e+00
5.012737017711860972e+02	2.047222222222222054e+00
5.014604661966032495e+02	1.985185185185185164e+00
5.016472311777501432e+02	2.003703703703703543e+00
5.018339967146267213e+02	1.937037037037037113e+00
5.020207628072330408e+02	1.984259259259259167e+00
5.022075294555690448e+02	2.079629629629629495e+00
5.023942966596347333e+02	2.136111111111111072e+00
5.025810644194301631e+02	2.216666666666666785e+00
5.027678327349553342e+02	2.121296296296296457e+00
5.029546016062101899e+02	2.061111111111110894e+00
5.031413710331947300e+02	1.995370370370370461e+00
5.033281410159090115e+02	1.985185185185185164e+00
5.035149115543530343e+02	2.001851851851851993e+00
5.037016826485266847e+02	2.041666666666666519e+00
5.038884542984301333e+02	2.012962962962963065e+00
5.040752265040632665e+02	2.119444444444444464e+00
5.042619992654260841e+02	2.093518518518518334e+00
5.044487725825186430e+02	1.975925925925925863e+00
5.046355464553408865e+02	2.003703703703703543e+00
5.048223208838928713e+02	1.996296296296296235e+00
5.050090958681745974e+02	2.011111111111111072e+00
5.051958714081860080e+02	2.024074074074074137e+00
5.053826475039271031e+02	2.120370370370370239e+00
5.055694241553979396e+02	2.226851851851851638e+00
5.057562013625984605e+02	2.087962962962962798e+00
5.059429791255287228e+02	2.022222222222222143e+00
5.061297574441886695e+02	2.005555555555555536e+00
5.063165363185783576e+02	1.986111111111111160e+00
5.065033157486977871e+02	1.938888888888888884e+00
5.066900957345468441e+02	1.930555555555555580e+00
5.068768762761256426e+02	1.912962962962962976e+00
5.070636573734341823e+02	2.042592592592592737e+00
5.072504390264724634e+02	2.077777777777777946e+00
5.074372212352403722e+02	1.912962962962962976e+00
5.076240039997380791e+02	1.879629629629629539e+00
5.078107873199653568e+02	1.881481481481481532e+00
5.079975711959224896e+02	1.890740740740740833e+00
5.081843556276093068e+02	1.917592592592592515e+00
5.083711406150258085e+02	2.025925925925926130e+00
5.085579261581719948e+02	2.096296296296296102e+00
5.087447122570479223e+02	2.023148148148148362e+00
5.089314989116535912e+02	1.941666666666666652e+00
5.091182861219889446e+02	1.942592592592592649e+00
5.093050738880540393e+02	1.962037037037037024e+00
5.094918622098488186e+02	1.939814814814814881e+00
5.096786510873733391e+02	1.969444444444444553e+00
5.098654405206275442e+02	2.035185185185185208e+00
5.100522305096114906e+02	2.116666666666666696e+00
5.102390210543251214e+02	2.046296296296296280e+00
5.104258121547684368e+02	2.047222222222222054e+00
5.106126038109414935e+02	2.038888888888888751e+00
5.107993960228442347e+02	1.981481481481481399e+00
5.109861887904767173e+02	2.012962962962963065e+00
5.111729821138389411e+02	2.028703703703703898e+00
5.113597759929308495e+02	2.019444444444444375e+00
5.115465704277524992e+02	2.057407407407407351e+00
5.117333654183038334e+02	2.006481481481481310e+00
5.119201609645848521e+02	2.054629629629629584e+00
5.121069570665955553e+02	2.130555555555555536e+00
5.122937537243360566e+02	2.092592592592592560e+00
5.124805509378062425e+02	2.063888888888889106e+00
5.126673487070061128e+02	2.080555555555555713e+00
5.128541470319357813e+02	2.046296296296296280e+00
5.130409459125950207e+02	2.049999999999999822e+00
5.132277453489840582e+02	2.090740740740740566e+00
5.134145453411028939e+02	2.011111111111111072e+00
5.136013458889513004e+02	2.006481481481481310e+00
5.137881469925295050e+02	2.019444444444444375e+00
5.139749486518373942e+02	2.110185185185185386e+00
5.141617508668748542e+02	2.128703703703703543e+00
5.143485536376422260e+02	2.133333333333333304e+00
5.145353569641392824e+02	2.239814814814814703e+00
5.147221608463660232e+02	2.233333333333333393e+00
5.149089652843224485e+02	2.101851851851851638e+00
5.150957702780085583e+02	2.032407407407407440e+00
5.152825758274244663e+02	2.044444444444444287e+00
5.154693819325700588e+02	1.954629629629629717e+00
5.156561885934453358e+02	1.942592592592592649e+00
5.158429958100502972e+02	1.939814814814814881e+00
5.160298035823850569e+02	2.072222222222222410e+00
5.162166119104495010e+02	2.006481481481481310e+00
5.164034207942436296e+02	1.936111111111111116e+00
5.165902302337674428e+02	1.933333333333333348e+00
5.167770402290209404e+02	1.882407407407407307e+00
5.169638507800042362e+02	1.864814814814814925e+00
5.171506618867172165e+02	1.876851851851851771e+00
5.173374735491599949e+02	1.980555555555555625e+00
5.175242857673323442e+02	2.046296296296296280e+00
5.177110985412344917e+02	2.092592592592592560e+00
5.178979118708663236e+02	2.015740740740740833e+00
5.180847257562278401e+02	1.982407407407407396e+00
5.182715401973191547e+02	2.004629629629629761e+00
5.184583551941400401e+02	2.029629629629629672e+00
5.186451707466908374e+02	2.085185185185185031e+00
5.188319868549712055e+02	2.027777777777777679e+00
5.190188035189812581e+02	2.105555555555555625e+00
5.192056207387211089e+02	1.999074074074074003e+00
5.193924385141906441e+02	1.936111111111111116e+00
5.195792568453898639e+02	2.005555555555555536e+00
5.197660757323188818e+02	2.038888888888888751e+00
5.199528951749775842e+02	2.053703703703703809e+00
5.201397151733658575e+02	2.069444444444444642e+00
5.203265357274840426e+02	2.108333333333333393e+00
5.205133568373317985e+02	2.156481481481481666e+00
5.207001785029093526e+02	2.036111111111110983e+00
5.208870007242165912e+02	2.042592592592592737e+00
5.210738235012535142e+02	2.037962962962962976e+00
5.212606468340202355e+02	2.013888888888888840e+00
5.214474707225165275e+02	2.031481481481481666e+00
5.216342951667426178e+02	2.098148148148148096e+00
5.218211201666983925e+02	2.102777777777777857e+00
5.220079457223839654e+02	2.137962962962963065e+00
5.221947718337991091e+02	2.082407407407407263e+00
5.223815985009440510e+02	1.931481481481481577e+00
5.225684257238187911e+02	2.018518518518518601e+00
5.227552535024231020e+02	2.016666666666666607e+00
5.229420818367570973e+02	2.111111111111111160e+00
5.231289107268208909e+02	2.165740740740740744e+00
5.233157401726143689e+02	2.212962962962962798e+00
5.235025701741376452e+02	2.289814814814814969e+00
5.236894007313906059e+02	2.181481481481481577e+00
5.238762318443731374e+02	2.117592592592592471e+00
5.240630635130854671e+02	2.140740740740740833e+00
5.242498957375275950e+02	2.184259259259259345e+00
5.244367285176992937e+02	2.203703703703703720e+00
5.246235618536007905e+02	2.150925925925926130e+00
5.248103957452319719e+02	2.023148148148148362e+00
5.249972301925929514e+02	2.154629629629629672e+00
5.251840651956835018e+02	2.135185185185185297e+00
5.253709007545038503e+02	2.061111111111110894e+00
5.255577368690538833e+02	2.082407407407407263e+00
5.257445735393336008e+02	2.162962962962962976e+00
5.259314107653431165e+02	2.256481481481481310e+00
5.261182485470822030e+02	2.239814814814814703e+00
5.263050868845512014e+02	2.298148148148148273e+00
5.264919257777497705e+02	2.359259259259259167e+00
5.266787652266780242e+02	2.343518518518518334e+00
5.268656052313360760e+02	2.309259259259259345e+00
5.270524457917238124e+02	2.324074074074073959e+00
5.272392869078412332e+02	2.346296296296296102e+00
5.274261285796884522e+02	2.336111111111111249e+00
5.276129708072653557e+02	2.317592592592592649e+00
5.277998135905719437e+02	2.324074074074073959e+00
5.279866569296082162e+02	2.397222222222222143e+00
5.281735008243741731e+02	2.441666666666666874e+00
5.283603452748699283e+02	2.425925925925926041e+00
5.285471902810953679e+02	2.553703703703703809e+00
5.287340358430504921e+02	2.625000000000000000e+00
5.289208819607354144e+02	2.760185185185185297e+00
5.291077286341499075e+02	2.760185185185185297e+00
5.292945758632941988e+02	2.831481481481481488e+00
5.294814236481681746e+02	2.972222222222222321e+00
5.296682719887719486e+02	2.944444444444444642e+00
5.298551208851054071e+02	2.955555555555555713e+00
5.300419703371685500e+02	2.991666666666666696e+00
5.302288203449613775e+02	3.087962962962962798e+00
5.304156709084838894e+02	3.299074074074074048e+00
5.306025220277361996e+02	3.275925925925926130e+00
5.307893737027181942e+02	3.242592592592592471e+00
5.309762259334298733e+02	3.407407407407407440e+00
5.311630787198712369e+02	3.637037037037036846e+00
5.313499320620423987e+02	3.742592592592592471e+00
5.315367859599432450e+02	4.177777777777778034e+00
5.317236404135737757e+02	4.400000000000000355e+00
5.319104954229339910e+02	4.948148148148147740e+00
5.320973509880240044e+02	5.112962962962963154e+00
5.322842071088437024e+02	5.568518518518518867e+00
5.324710637853930848e+02	5.879629629629629761e+00
5.326579210176721517e+02	6.315740740740740655e+00
5.328447788056810168e+02	6.298148148148148273e+00
5.330316371494195664e+02	6.200925925925925952e+00
5.332184960488878005e+02	6.168518518518518512e+00
5.334053555040857191e+02	6.059259259259259345e+00
5.335922155150133221e+02	6.125925925925925775e+00
5.337790760816707234e+02	6.136111111111111072e+00
5.339659372040578091e+02	6.200925925925925952e+00
5.341527988821746931e+02	6.181481481481481133e+00
5.343396611160211478e+02	6.046296296296296724e+00
5.345265239055974007e+02	6.056481481481481133e+00
5.347133872509033381e+02	6.001851851851851549e+00
5.349002511519389600e+02	5.868518518518518690e+00
5.350871156087043801e+02	5.794444444444444287e+00
5.352739806211994846e+02	5.801851851851852260e+00
5.354608461894242737e+02	5.834259259259259700e+00
5.356477123133787472e+02	5.820370370370370416e+00
5.358345789930629053e+02	5.730555555555555181e+00
5.360214462284768615e+02	7.068518518518518867e+00
5.362083140196205022e+02	7.761111111111111072e+00
5.363951823664938274e+02	8.556481481481482021e+00
5.365820512690969508e+02	7.808333333333333570e+00
5.367689207274297587e+02	6.805555555555555358e+00
5.369557907414921374e+02	5.912962962962962976e+00
5.371426613112844279e+02	4.739814814814814703e+00
5.373295324368062893e+02	4.177777777777778034e+00
5.375164041180579488e+02	3.709259259259259256e+00
5.377032763550392929e+02	3.658333333333333215e+00
5.378901491477503214e+02	3.579629629629629495e+00
5.380770224961910344e+02	3.485185185185185386e+00
5.382638964003615456e+02	3.384259259259259078e+00
5.384507708602617413e+02	3.441666666666666874e+00
5.386376458758916215e+02	3.512037037037036846e+00
5.388245214472512998e+02	3.496296296296296457e+00
5.390113975743405490e+02	3.398148148148148362e+00
5.391982742571595963e+02	3.376851851851851993e+00
5.393851514957083282e+02	3.372222222222222232e+00
5.395720292899868582e+02	3.406481481481481666e+00
5.397589076399949590e+02	3.331481481481481488e+00
5.399457865457328580e+02	3.306481481481481577e+00
5.401326660072004415e+02	3.343518518518518334e+00
5.403195460243978232e+02	3.225925925925925863e+00
5.405064265973247757e+02	3.138888888888888840e+00
5.406933077259815263e+02	3.114814814814814703e+00
5.408801894103679615e+02	3.105555555555555625e+00
5.410670716504840811e+02	3.047222222222222054e+00
5.412539544463299990e+02	3.005555555555555536e+00
5.414408377979054876e+02	3.087037037037037024e+00
5.416277217052108881e+02	3.158333333333333215e+00
5.418146061682458594e+02	3.088888888888889017e+00
5.420014911870106289e+02	3.047222222222222054e+00
5.421883767615049692e+02	3.021296296296296369e+00
5.423752628917291077e+02	3.000000000000000000e+00
5.425621495776830443e+02	3.044444444444444287e+00
5.427490368193665518e+02	2.894444444444444375e+00
5.429359246167798574e+02	2.923148148148148273e+00
5.431228129699228475e+02	2.879629629629629761e+00
5.433097018787955221e+02	2.763888888888888840e+00
5.434965913433979949e+02	2.719444444444444553e+00
5.436834813637301522e+02	2.649999999999999911e+00
5.438703719397919940e+02	2.565740740740740655e+00
5.440572630715835203e+02	2.547222222222222054e+00
5.442441547591047311e+02	2.500925925925925775e+00
5.444310470023557400e+02	2.594444444444444553e+00
5.446179398013364334e+02	2.468518518518518334e+00
5.448048331560468114e+02	2.395370370370370150e+00
5.449917270664869875e+02	2.295370370370370505e+00
5.451786215326567344e+02	2.278703703703703898e+00
5.453655165545562795e+02	2.154629629629629672e+00
5.455524121321855091e+02	2.108333333333333393e+00
5.457393082655445369e+02	2.070370370370370416e+00
5.459262049546332491e+02	2.085185185185185031e+00
5.461131021994516459e+02	2.135185185185185297e+00
5.462999999999997272e+02	2.082407407407407263e+00
5.464868983562774929e+02	2.195370370370370416e+00
5.466737972682850568e+02	2.226851851851851638e+00
5.468606967360223052e+02	2.206481481481481488e+00
5.470475967594892381e+02	2.219444444444444553e+00
5.472344973386859692e+02	2.141666666666666607e+00
5.474213984736122711e+02	2.134259259259259078e+00
5.476083001642683712e+02	2.105555555555555625e+00
5.477952024106541558e+02	2.061111111111110894e+00
5.479821052127696248e+02	2.013888888888888840e+00
5.481690085706148921e+02	2.100925925925925863e+00
5.483559124841898438e+02	2.134259259259259078e+00
5.485428169534944800e+02	2.036111111111110983e+00
5.487297219785288007e+02	1.946296296296296191e+00
5.489166275592929196e+02	2.099074074074073870e+00
5.491035336957867230e+02	2.017592592592592382e+00
5.492904403880102109e+02	1.875000000000000000e+00
5.494773476359633833e+02	1.889814814814814836e+00
5.496642554396462401e+02	1.952777777777777724e+00
5.498511637990588952e+02	1.997222222222222232e+00
5.500380727142012347e+02	1.972222222222222321e+00
5.502249821850733724e+02	1.973148148148148096e+00
5.504118922116751946e+02	2.087962962962962798e+00
5.505988027940065876e+02	2.117592592592592471e+00
5.507857139320677788e+02	1.976851851851851860e+00
5.509726256258586545e+02	1.949999999999999956e+00
5.511595378753793284e+02	1.957407407407407485e+00
5.513464506806296868e+02	1.849074074074074092e+00
5.515333640416097296e+02	1.817592592592592649e+00
5.517202779583194570e+02	1.898148148148148140e+00
5.519071924307588688e+02	2.042592592592592737e+00
5.520941074589280788e+02	2.000000000000000000e+00
5.522810230428269733e+02	1.839814814814814792e+00
5.524679391824556660e+02	1.817592592592592649e+00
5.526548558778139295e+02	1.847222222222222321e+00
5.528417731289019912e+02	1.967592592592592560e+00
5.530286909357197374e+02	1.998148148148148229e+00
5.532156092982671680e+02	2.030555555555555447e+00
5.534025282165443969e+02	2.091666666666666785e+00
5.535894476905511965e+02	2.134259259259259078e+00
5.537763677202877943e+02	2.019444444444444375e+00
5.539632883057540766e+02	1.962962962962963021e+00
5.541502094469501571e+02	1.971296296296296324e+00
5.543371311438759221e+02	2.011111111111111072e+00
5.545240533965313716e+02	1.994444444444444464e+00
5.547109762049165056e+02	1.941666666666666652e+00
5.548978995690313241e+02	2.081481481481481488e+00
5.550848234888758270e+02	1.965740740740740788e+00
5.552717479644502419e+02	1.945370370370370416e+00
5.554586729957542275e+02	1.953703703703703720e+00
5.556455985827878976e+02	1.890740740740740833e+00
5.558325247255513659e+02	1.862037037037036935e+00
5.560194514240445187e+02	1.918518518518518512e+00
5.562063786782673560e+02	1.966666666666666563e+00
5.563933064882198778e+02	1.996296296296296235e+00
5.565802348539021978e+02	2.073148148148148184e+00
5.567671637753142022e+02	1.961111111111111027e+00
5.569540932524557775e+02	1.899999999999999911e+00
5.571410232853272646e+02	1.905555555555555447e+00
5.573279538739284362e+02	1.850925925925925863e+00
5.575148850182591787e+02	1.838888888888888795e+00
5.577018167183198329e+02	1.808333333333333348e+00
5.578887489741100580e+02	1.892592592592592604e+00
5.580756817856299676e+02	1.893518518518518601e+00
5.582626151528796754e+02	1.800925925925925819e+00
5.584495490758590677e+02	1.870370370370370461e+00
5.586364835545682581e+02	1.835185185185185253e+00
5.588234185890070194e+02	1.807407407407407351e+00
5.590103541791755788e+02	1.810185185185185119e+00
5.591972903250738227e+02	1.851851851851851860e+00
5.593842270267017511e+02	1.963888888888888795e+00
5.595711642840594777e+02	1.987037037037036935e+00
5.597581020971467751e+02	1.872222222222222232e+00
5.599450404659638707e+02	1.824999999999999956e+00
5.601319793905106508e+02	1.865740740740740700e+00
5.603189188707872290e+02	1.844444444444444553e+00
5.605058589067934918e+02	1.845370370370370328e+00
5.606927994985294390e+02	1.825925925925925952e+00
5.608797406459950707e+02	1.920370370370370283e+00
5.610666823491903870e+02	1.874074074074074003e+00
5.612536246081155014e+02	1.784259259259259212e+00
5.614405674227703003e+02	1.798148148148148051e+00
5.616275107931548973e+02	1.791666666666666741e+00
5.618144547192690652e+02	1.858333333333333393e+00
5.620013992011129176e+02	1.845370370370370328e+00
5.621883442386865681e+02	1.917592592592592515e+00
5.623752898319900169e+02	2.057407407407407351e+00
5.625622359810230364e+02	2.012962962962963065e+00
5.627491826857858541e+02	1.929629629629629584e+00
5.629361299462782426e+02	1.841666666666666563e+00
5.631230777625005430e+02	1.810185185185185119e+00
5.633100261344524142e+02	1.843518518518518556e+00
5.634969750621340836e+02	1.855555555555555625e+00
5.636839245455454375e+02	1.815740740740740655e+00
5.638708745846864758e+02	1.933333333333333348e+00
5.640578251795571987e+02	1.826851851851851949e+00
5.642447763301577197e+02	1.824074074074074181e+00
5.644317280364879252e+02	1.880555555555555536e+00
5.646186802985478153e+02	1.890740740740740833e+00
5.648056331163375035e+02	1.896296296296296369e+00
5.649925864898567625e+02	1.857407407407407396e+00
5.651795404191058196e+02	1.884259259259259300e+00
5.653664949040845613e+02	1.975000000000000089e+00
5.655534499447929875e+02	1.963888888888888795e+00
5.657404055412312118e+02	1.928703703703703809e+00
5.659273616933991207e+02	2.008333333333333304e+00
5.661143184012967140e+02	2.032407407407407440e+00
5.663012756649239918e+02	1.975925925925925863e+00
5.664882334842809541e+02	2.010185185185185297e+00
5.666751918593677146e+02	2.082407407407407263e+00
5.668621507901841596e+02	2.210185185185185031e+00
5.670491102767302891e+02	2.411111111111110983e+00
5.672360703190062168e+02	2.578703703703703720e+00
5.674230309170118289e+02	2.717592592592592560e+00
5.676099920707471256e+02	2.540740740740740744e+00
5.677969537802121067e+02	2.213888888888889017e+00
5.679839160454068860e+02	2.078703703703703720e+00
5.681708788663313499e+02	2.123148148148148007e+00
5.683578422429854982e+02	2.168518518518518512e+00
5.685448061753693310e+02	2.147222222222222143e+00
5.687317706634828482e+02	2.091666666666666785e+00
5.689187357073261637e+02	2.196296296296296191e+00
5.691057013068991637e+02	2.396296296296296369e+00
5.692926674622018481e+02	2.708333333333333481e+00
5.694796341732343308e+02	2.965740740740740566e+00
5.696666014399963842e+02	2.932407407407407351e+00
5.698535692624882358e+02	2.862037037037036935e+00
5.700405376407098856e+02	2.520370370370370150e+00
5.702275065746611062e+02	2.497222222222222232e+00
5.704144760643421250e+02	2.560185185185185119e+00
5.706014461097527146e+02	2.635185185185185297e+00
5.707884167108932161e+02	2.657407407407407440e+00
5.709753878677632883e+02	2.664814814814814969e+00
5.711623595803631588e+02	2.662037037037037202e+00
5.713493318486927137e+02	2.647222222222222143e+00
5.715363046727519531e+02	2.590740740740740566e+00
5.717232780525408771e+02	2.498148148148148007e+00
5.719102519880595992e+02	2.481481481481481399e+00
5.720972264793080058e+02	2.501851851851851993e+00
5.722842015262860969e+02	2.499074074074074225e+00
5.724711771289938724e+02	2.537962962962962976e+00
5.726581532874314462e+02	2.575925925925925952e+00
5.728451300015987044e+02	2.830555555555555713e+00
5.730321072714956472e+02	2.829629629629629495e+00
5.732190850971222744e+02	2.782407407407407440e+00
5.734060634784786998e+02	2.845370370370370328e+00
5.735930424155648097e+02	2.850000000000000089e+00
5.737800219083806041e+02	3.015740740740740833e+00
5.739670019569260830e+02	3.128703703703703543e+00
5.741539825612013601e+02	3.149999999999999911e+00
5.743409637212062080e+02	3.266666666666666607e+00
5.745279454369408541e+02	3.087037037037037024e+00
5.747149277084052983e+02	2.929629629629629584e+00
5.749019105355994270e+02	2.846296296296296102e+00
5.750888939185231266e+02	2.870370370370370239e+00
5.752758778571766243e+02	2.803703703703703809e+00
5.754628623515598065e+02	2.811111111111110894e+00
5.756498474016727869e+02	2.756481481481481310e+00
5.758368330075154518e+02	2.863888888888888928e+00
5.760238191690878011e+02	2.729629629629629850e+00
5.762108058863898350e+02	2.761111111111111072e+00
5.763977931594215534e+02	2.840740740740740566e+00
5.765847809881831836e+02	2.783333333333333215e+00
5.767717693726742709e+02	2.767592592592592382e+00
5.769587583128952701e+02	2.890740740740740833e+00
5.771457478088458402e+02	3.084259259259259256e+00
5.773327378605262084e+02	3.309259259259259345e+00
5.775197284679362610e+02	3.451851851851851727e+00
5.777067196310759982e+02	3.473148148148148096e+00
5.778937113499455336e+02	3.539814814814814969e+00
5.780807036245446398e+02	3.524999999999999911e+00
5.782676964548735441e+02	3.372222222222222232e+00
5.784546898409321329e+02	3.154629629629629672e+00
5.786416837827205200e+02	2.974074074074073870e+00
5.788286782802385915e+02	3.020370370370370150e+00
5.790156733334863475e+02	2.925925925925926041e+00
5.792026689424637880e+02	2.644444444444444375e+00
5.793896651071709130e+02	2.578703703703703720e+00
5.795766618276077224e+02	2.574074074074073959e+00
5.797636591037744438e+02	2.496296296296296457e+00
5.799506569356707359e+02	2.430555555555555358e+00
5.801376553232967126e+02	2.570370370370370416e+00
5.803246542666524874e+02	2.814814814814814881e+00
5.805116537657379467e+02	2.592592592592592560e+00
5.806986538205530906e+02	2.571296296296296191e+00
5.808856544310979189e+02	2.522222222222222143e+00
5.810726555973725453e+02	2.492592592592592471e+00
5.812596573193768563e+02	2.480555555555555625e+00
5.814466595971107381e+02	2.478703703703703631e+00
5.816336624305745318e+02	2.432407407407407351e+00
5.818206658197680099e+02	2.529629629629629672e+00
5.820076697646911725e+02	2.460185185185185031e+00
5.821946742653440197e+02	2.378703703703703543e+00
5.823816793217265513e+02	2.524999999999999911e+00
5.825686849338387674e+02	2.520370370370370150e+00
5.827556911016807817e+02	2.503703703703703543e+00
5.829426978252524805e+02	2.538888888888888751e+00
5.831297051045539774e+02	2.650925925925926130e+00
5.833167129395850452e+02	2.709259259259259256e+00
5.835037213303459112e+02	2.746296296296296457e+00
5.836907302768364616e+02	2.714814814814814792e+00
5.838777397790566965e+02	2.753703703703703543e+00
5.840647498370067296e+02	2.688888888888889106e+00
5.842517604506864473e+02	2.547222222222222054e+00
5.844387716200958494e+02	2.485185185185185386e+00
5.846257833452349360e+02	2.339814814814814792e+00
5.848127956261037070e+02	2.330555555555555713e+00
5.849998084627022763e+02	2.308333333333333126e+00
5.851868218550305301e+02	2.239814814814814703e+00
5.853738358030884683e+02	2.109259259259259167e+00
5.855608503068762047e+02	2.073148148148148184e+00
5.857478653663936257e+02	2.100925925925925863e+00
5.859348809816406174e+02	2.106481481481481399e+00
5.861218971526175210e+02	2.232407407407407618e+00
5.863089138793239954e+02	2.400925925925926130e+00
5.864959311617602680e+02	2.246296296296296457e+00
5.866829489999262250e+02	2.152777777777777679e+00
5.868699673938218666e+02	2.114814814814814703e+00
5.870569863434473064e+02	2.049074074074074048e+00
5.872440058488023169e+02	1.949999999999999956e+00
5.874310259098871256e+02	1.933333333333333348e+00
5.876180465267016189e+02	1.941666666666666652e+00
5.878050676992459103e+02	2.132407407407407529e+00
5.879920894275197725e+02	2.118518518518518690e+00
5.881791117115234329e+02	2.000000000000000000e+00
5.883661345512567777e+02	2.052777777777777590e+00
5.885531579467199208e+02	2.080555555555555713e+00
5.887401818979126347e+02	2.092592592592592560e+00
5.889272064048351467e+02	2.157407407407407440e+00
5.891142314674873433e+02	2.216666666666666785e+00
5.893012570858693380e+02	2.363888888888888928e+00
5.894882832599809035e+02	2.290740740740740744e+00
5.896753099898222672e+02	2.242592592592592471e+00
5.898623372753933154e+02	2.282407407407407440e+00
5.900493651166941618e+02	2.285185185185185208e+00
5.902363935137245790e+02	2.211111111111111249e+00
5.904234224664847943e+02	2.198148148148148184e+00
5.906104519749746942e+02	2.136111111111111072e+00
5.907974820391942785e+02	2.248148148148148007e+00
5.909845126591436610e+02	2.151851851851851904e+00
5.911715438348227281e+02	1.974074074074074092e+00
5.913585755662314796e+02	2.004629629629629761e+00
5.915456078533699156e+02	2.085185185185185031e+00
5.917326406962381498e+02	2.156481481481481666e+00
5.919196740948359547e+02	2.031481481481481666e+00
5.921067080491635579e+02	2.018518518518518601e+00
5.922937425592209593e+02	2.163888888888888751e+00
5.924807776250079314e+02	2.175925925925926041e+00
5.926678132465247018e+02	2.053703703703703809e+00
5.928548494237711566e+02	1.949999999999999956e+00
5.930418861567472959e+02	1.883333333333333304e+00
5.932289234454532334e+02	1.948148148148148184e+00
5.934159612898888554e+02	1.948148148148148184e+00
5.936029996900540482e+02	1.859259259259259167e+00
5.937900386459491529e+02	1.953703703703703720e+00
5.939770781575738283e+02	1.997222222222222232e+00
5.941641182249283020e+02	1.916666666666666741e+00
5.943511588480124601e+02	1.840740740740740788e+00
5.945382000268263027e+02	1.803703703703703809e+00
5.947252417613698299e+02	1.931481481481481577e+00
5.949122840516431552e+02	1.967592592592592560e+00
5.950993268976461650e+02	1.897222222222222143e+00
5.952863702993788593e+02	1.927777777777777812e+00
5.954734142568413517e+02	1.998148148148148229e+00
5.956604587700335287e+02	2.026851851851851904e+00
5.958475038389552765e+02	2.037962962962962976e+00
5.960345494636068224e+02	1.952777777777777724e+00
5.962215956439881666e+02	1.878703703703703765e+00
5.964086423800990815e+02	1.849074074074074092e+00
5.965956896719399083e+02	1.858333333333333393e+00
5.967827375195101922e+02	2.027777777777777679e+00
5.969697859228103880e+02	2.001851851851851993e+00
5.971568348818402683e+02	1.887037037037037068e+00
5.973438843965997194e+02	1.895370370370370372e+00
5.975309344670890823e+02	1.908333333333333437e+00
5.977179850933080161e+02	1.986111111111111160e+00
5.979050362752566343e+02	2.024999999999999911e+00
5.980920880129350508e+02	2.035185185185185208e+00
5.982791403063431517e+02	2.075000000000000178e+00
5.984661931554810508e+02	2.133333333333333304e+00
5.986532465603485207e+02	2.086111111111111249e+00
5.988403005209457888e+02	2.108333333333333393e+00
5.990273550372727414e+02	2.057407407407407351e+00
5.992144101093294921e+02	2.071296296296296191e+00
5.994014657371158137e+02	2.212037037037037024e+00
5.995885219206319334e+02	2.351851851851851638e+00
5.997755786598777377e+02	2.521296296296296369e+00
5.999626359548532264e+02	2.448148148148148184e+00
6.001496938055583996e+02	2.503703703703703543e+00
6.003367522119933710e+02	2.742592592592592471e+00
6.005238111741580269e+02	2.924999999999999822e+00
6.007108706920524810e+02	3.216666666666666785e+00
6.008979307656765059e+02	3.588888888888889017e+00
6.010849913950303289e+02	3.945370370370370416e+00
6.012720525801138365e+02	4.422222222222222499e+00
6.014591143209270285e+02	4.803703703703703809e+00
6.016461766174700188e+02	5.186111111111110894e+00
6.018332394697425798e+02	5.719444444444444109e+00
6.020203028777449390e+02	6.205555555555555713e+00
6.022073668414770964e+02	5.878703703703703987e+00
6.023944313609388246e+02	5.957407407407407263e+00
6.025814964361303510e+02	5.456481481481481488e+00
6.027685620670515618e+02	5.087037037037037024e+00
6.029556282537024572e+02	4.534259259259258990e+00
6.031426949960830370e+02	4.000925925925925775e+00
6.033297622941934151e+02	3.723148148148148096e+00
6.035168301480334776e+02	3.522222222222222143e+00
6.037038985576032246e+02	3.341666666666666785e+00
6.038909675229026561e+02	3.339814814814814792e+00
6.040780370439318858e+02	3.242592592592592471e+00
6.042651071206908000e+02	3.143518518518518601e+00
6.044521777531793987e+02	3.020370370370370150e+00
6.046392489413977955e+02	2.826851851851851727e+00
6.048263206853457632e+02	2.809259259259259345e+00
6.050133929850235290e+02	2.792592592592592737e+00
6.052004658404309794e+02	2.703703703703703720e+00
6.053875392515682279e+02	2.640740740740740833e+00
6.055746132184350472e+02	2.423148148148148273e+00
6.057616877410316647e+02	2.568518518518518423e+00
6.059487628193579667e+02	2.487962962962963154e+00
6.061358384534139532e+02	2.410185185185185208e+00
6.063229146431997378e+02	2.356481481481481399e+00
6.065099913887152070e+02	2.294444444444444287e+00
6.066970686899603606e+02	2.317592592592592649e+00
6.068841465469351988e+02	2.260185185185185297e+00
6.070712249596398351e+02	2.184259259259259345e+00
6.072583039280741559e+02	2.214814814814814792e+00
6.074453834522381612e+02	2.287962962962962976e+00
6.076324635321318510e+02	2.196296296296296191e+00
6.078195441677553390e+02	2.154629629629629672e+00
6.080066253591085115e+02	2.081481481481481488e+00
6.081937071061913684e+02	1.996296296296296235e+00
6.083807894090039099e+02	2.015740740740740833e+00
6.085678722675461358e+02	1.979629629629629628e+00
6.087549556818181600e+02	2.028703703703703898e+00
6.089420396518198686e+02	2.124074074074074225e+00
6.091291241775512617e+02	1.962037037037037024e+00
6.093162092590124530e+02	1.986111111111111160e+00
6.095032948962033288e+02	2.000925925925925775e+00
6.096903810891238891e+02	2.015740740740740833e+00
6.098774678377741338e+02	1.974074074074074092e+00
6.100645551421540631e+02	1.990740740740740700e+00
6.102516430022637905e+02	2.124074074074074225e+00
6.104387314181032025e+02	1.981481481481481399e+00
6.106258203896722989e+02	1.950925925925925952e+00
6.108129099169711935e+02	1.951851851851851949e+00
6.109999999999997726e+02	1.935185185185185119e+00
6.111870906387579225e+02	1.952777777777777724e+00
6.113741818332459843e+02	1.987037037037036935e+00
6.115612735834636169e+02	1.980555555555555625e+00
6.117483658894110476e+02	2.159259259259259434e+00
6.119354587510881629e+02	2.109259259259259167e+00
6.121225521684949626e+02	1.927777777777777812e+00
6.123096461416314469e+02	1.877777777777777768e+00
6.124967406704977293e+02	1.873148148148148229e+00
6.126838357550936962e+02	1.993518518518518468e+00
6.128709313954193476e+02	2.054629629629629584e+00
6.130580275914746835e+02	2.045370370370370505e+00
6.132451243432598176e+02	2.084259259259259256e+00
6.134322216507746361e+02	2.012962962962963065e+00
6.136193195140191392e+02	1.941666666666666652e+00
6.138064179329933268e+02	1.975000000000000089e+00
6.139935169076973125e+02	2.010185185185185297e+00
6.141806164381309827e+02	1.956481481481481488e+00
6.143677165242943374e+02	1.861111111111111160e+00
6.145548171661873766e+02	1.773148148148148140e+00
6.147419183638102140e+02	1.878703703703703765e+00
6.149290201171627359e+02	1.753703703703703765e+00
6.151161224262449423e+02	1.672222222222222276e+00
6.153032252910568332e+02	1.714814814814814792e+00
6.154903287115985222e+02	1.718518518518518556e+00
6.156774326878698957e+02	1.762037037037037068e+00
6.158645372198709538e+02	1.712037037037037024e+00
6.160516423076016963e+02	1.755555555555555536e+00
6.162387479510621233e+02	1.886111111111111072e+00
6.164258541502523485e+02	1.842592592592592560e+00
6.166129609051722582e+02	1.735185185185185164e+00
6.168000682158219661e+02	1.728703703703703631e+00
6.169871760822012448e+02	1.733333333333333393e+00
6.171742845043103216e+02	1.738888888888888928e+00
6.173613934821489693e+02	1.750925925925925997e+00
6.175485030157175288e+02	1.756481481481481532e+00
6.177356131050157728e+02	1.875000000000000000e+00
6.179227237500435876e+02	1.794444444444444509e+00
6.181098349508012006e+02	1.644444444444444375e+00
6.182969467072884981e+02	1.658333333333333437e+00
6.184840590195055938e+02	1.658333333333333437e+00
6.186711718874523740e+02	1.729629629629629628e+00
6.188582853111288387e+02	1.732407407407407396e+00
6.190453992905349878e+02	1.743518518518518468e+00
6.192325138256708215e+02	1.880555555555555536e+00
6.194196289165364533e+02	1.826851851851851949e+00
6.196067445631317696e+02	1.787962962962962976e+00
6.197938607654567704e+02	1.798148148148148051e+00
6.199809775235114557e+02	1.814814814814814881e+00
6.201680948372959392e+02	1.748148148148148229e+00
6.203552127068101072e+02	1.701851851851851949e+00
6.205423311320539597e+02	1.711111111111111027e+00
6.207294501130274966e+02	1.887962962962963065e+00
6.209165696497308318e+02	1.784259259259259212e+00
6.211036897421638514e+02	1.699074074074074181e+00
6.212908103903266692e+02	1.764814814814814836e+00
6.214779315942189442e+02	1.787037037037036979e+00
6.216650533538411310e+02	1.777777777777777679e+00
6.218521756691930022e+02	1.714814814814814792e+00
6.220392985402745580e+02	1.757407407407407307e+00
6.222264219670859120e+02	1.862037037037036935e+00
6.224135459496268368e+02	1.854629629629629628e+00
6.226006704878975597e+02	1.753703703703703765e+00
6.227877955818979672e+02	1.749074074074074003e+00
6.229749212316280591e+02	1.670370370370370283e+00
6.231620474370879492e+02	1.606481481481481399e+00
6.233491741982775238e+02	1.587037037037037024e+00
6.235363015151967829e+02	1.573148148148148184e+00
6.237234293878457265e+02	1.729629629629629628e+00
6.239105578162244683e+02	1.564814814814814881e+00
6.240976868003328946e+02	1.519444444444444375e+00
6.242848163401710053e+02	1.468518518518518556e+00
6.244719464357388006e+02	1.411111111111111205e+00
6.246590770870363940e+02	1.531481481481481444e+00
6.248462082940635582e+02	1.566666666666666652e+00
6.250333400568206343e+02	1.570370370370370416e+00
6.252204723753072813e+02	1.690740740740740655e+00
6.254076052495236127e+02	1.652777777777777679e+00
6.255947386794697422e+02	1.573148148148148184e+00
6.257818726651455563e+02	1.518518518518518601e+00
6.259690072065510549e+02	1.475925925925925863e+00
6.261561423036863516e+02	1.414814814814814747e+00
6.263432779565512192e+02	1.416666666666666741e+00
6.265304141651458849e+02	1.373148148148148229e+00
6.267175509294702351e+02	1.538888888888888973e+00
6.269046882495243835e+02	1.490740740740740700e+00
6.270918261253082164e+02	1.388888888888888840e+00
6.272789645568217338e+02	1.420370370370370283e+00
6.274661035440649357e+02	1.438888888888888884e+00
6.276532430870378221e+02	1.449999999999999956e+00
6.278403831857405066e+02	1.491666666666666696e+00
6.280275238401728757e+02	1.537037037037036979e+00
6.282146650503349292e+02	1.588888888888888795e+00
6.284018068162267809e+02	1.487962962962962932e+00
6.285889491378482035e+02	1.434259259259259345e+00
6.287760920151994242e+02	1.432407407407407351e+00
6.289632354482803294e+02	1.400925925925925908e+00
6.291503794370910327e+02	1.412962962962962976e+00
6.293375239816314206e+02	1.442592592592592649e+00
6.295246690819013793e+02	1.429629629629629584e+00
6.297118147379011361e+02	1.493518518518518468e+00
6.298989609496306912e+02	1.565740740740740655e+00
6.300861077170898170e+02	1.436111111111111116e+00
6.302732550402787410e+02	1.393518518518518601e+00
6.304604029191973495e+02	1.349074074074074092e+00
6.306475513538457562e+02	1.420370370370370283e+00
6.308347003442237337e+02	1.449074074074074181e+00
6.310218498903315094e+02	1.481481481481481399e+00
6.312089999921689696e+02	1.583333333333333259e+00
6.313961506497362279e+02	1.585185185185185253e+00
6.315833018630330571e+02	1.509259259259259300e+00
6.317704536320596844e+02	1.490740740740740700e+00
6.319576059568159963e+02	1.452777777777777724e+00
6.321447588373019926e+02	1.377777777777777768e+00
6.323319122735177871e+02	1.366666666666666696e+00
6.325190662654632661e+02	1.352777777777777857e+00
6.327062208131383159e+02	1.476851851851851860e+00
6.328933759165432775e+02	1.574999999999999956e+00
6.330805315756779237e+02	1.467592592592592560e+00
6.332676877905421406e+02	1.433333333333333348e+00
6.334548445611362695e+02	1.357407407407407396e+00
6.336420018874598554e+02	1.395370370370370372e+00
6.338291597695133532e+02	1.449074074074074181e+00
6.340163182072965355e+02	1.478703703703703631e+00
6.342034772008094023e+02	1.614814814814814925e+00
6.343906367500519536e+02	1.537037037037036979e+00
6.345777968550241894e+02	1.457407407407407485e+00
6.347649575157262234e+02	1.401851851851851904e+00
6.349521187321579418e+02	1.406481481481481444e+00
6.351392805043194585e+02	1.337037037037037024e+00
6.353264428322104322e+02	1.408333333333333437e+00
6.355136057158313179e+02	1.430555555555555580e+00
6.357007691551818880e+02	1.561111111111111116e+00
6.358879331502622563e+02	1.581481481481481488e+00
6.360750977010721954e+02	1.476851851851851860e+00
6.362622628076119327e+02	1.459259259259259256e+00
6.364494284698813544e+02	1.384259259259259300e+00
6.366365946878804607e+02	1.403703703703703676e+00
6.368237614616093651e+02	1.458333333333333259e+00
6.370109287910678404e+02	1.506481481481481532e+00
6.371980966762560001e+02	1.601851851851851860e+00
6.373852651171740717e+02	1.558333333333333348e+00
6.375724341138218279e+02	1.436111111111111116e+00
6.377596036661991548e+02	1.390740740740740833e+00
6.379467737743062798e+02	1.322222222222222188e+00
6.381339444381430894e+02	1.268518518518518601e+00
6.383211156577096972e+02	1.325925925925925952e+00
6.385082874330058758e+02	1.335185185185185253e+00
6.386954597640318525e+02	1.412962962962962976e+00
6.388826326507875137e+02	1.375925925925925997e+00
6.390698060932729732e+02	1.293518518518518512e+00
6.392569800914880034e+02	1.352777777777777857e+00
6.394441546454327181e+02	1.344444444444444553e+00
6.396313297551073447e+02	1.354629629629629628e+00
6.398185054205115421e+02	1.344444444444444553e+00
6.400056816416455376e+02	1.381481481481481532e+00
6.401928584185091040e+02	1.548148148148148051e+00
6.403800357511024686e+02	1.474074074074074092e+00
6.405672136394256313e+02	1.377777777777777768e+00
6.407543920834784785e+02	1.467592592592592560e+00
6.409415710832608966e+02	1.483333333333333393e+00
6.411287506387732265e+02	1.412962962962962976e+00
6.413159307500150135e+02	1.361111111111111160e+00
6.415031114169867124e+02	1.332407407407407485e+00
6.416902926396880957e+02	1.467592592592592560e+00
6.418774744181191636e+02	1.418518518518518512e+00
6.420646567522799160e+02	1.298148148148148051e+00
6.422518396421704665e+02	1.287037037037036979e+00
6.424390230877907015e+02	1.247222222222222232e+00
6.426262070891405074e+02	1.321296296296296191e+00
6.428133916462202251e+02	1.373148148148148229e+00
6.430005767590295136e+02	1.396296296296296369e+00
6.431877624275686003e+02	1.456481481481481488e+00
6.433749486518373715e+02	1.449999999999999956e+00
6.435621354318358271e+02	1.353703703703703631e+00
6.437493227675640810e+02	1.347222222222222321e+00
6.439365106590219057e+02	1.336111111111111027e+00
6.441236991062096422e+02	1.295370370370370283e+00
6.443108881091268358e+02	1.289814814814814747e+00
6.444980776677739414e+02	1.368518518518518468e+00
6.446852677821507314e+02	1.509259259259259300e+00
6.448724584522570922e+02	1.387037037037037068e+00
6.450596496780933649e+02	1.318518518518518423e+00
6.452468414596592083e+02	1.273148148148148140e+00
6.454340337969547363e+02	1.265740740740740833e+00
6.456212266899801762e+02	1.330555555555555491e+00
6.458084201387350731e+02	1.345370370370370328e+00
6.459956141432198820e+02	1.401851851851851904e+00
6.461828087034343753e+02	1.579629629629629717e+00
6.463700038193785531e+02	1.526851851851851904e+00
6.465571994910524154e+02	1.409259259259259212e+00
6.467443957184559622e+02	1.320370370370370416e+00
6.469315925015891935e+02	1.327777777777777724e+00
6.471187898404523366e+02	1.340740740740740788e+00
6.473059877350449369e+02	1.388888888888888840e+00
6.474931861853674491e+02	1.365740740740740700e+00
6.476803851914195320e+02	1.420370370370370283e+00
6.478675847532015268e+02	1.385185185185185075e+00
6.480547848707129788e+02	1.482407407407407396e+00
6.482419855439543426e+02	1.725925925925925863e+00
6.484291867729252772e+02	1.694444444444444420e+00
6.486163885576260100e+02	1.531481481481481444e+00
6.488035908980564272e+02	1.392592592592592604e+00
6.489907937942165290e+02	1.309259259259259345e+00
6.491779972461064290e+02	1.399074074074074137e+00
6.493652012537258997e+02	1.353703703703703631e+00
6.495524058170751687e+02	1.287962962962962976e+00
6.497396109361542358e+02	1.294444444444444509e+00
6.499268166109629874e+02	1.243518518518518468e+00
6.501140228415013098e+02	1.257407407407407307e+00
6.503012296277694304e+02	1.311111111111111116e+00
6.504884369697672355e+02	1.272222222222222143e+00
6.506756448674948388e+02	1.351851851851851860e+00
6.508628533209521265e+02	1.358333333333333393e+00
6.510500623301390988e+02	1.262037037037037068e+00
6.512372718950557555e+02	1.335185185185185253e+00
6.514244820157020968e+02	1.318518518518518423e+00
6.516116926920782362e+02	1.290740740740740744e+00
6.517989039241840601e+02	1.314814814814814881e+00
6.519861157120196822e+02	1.398148148148148140e+00
6.521733280555847614e+02	1.491666666666666696e+00
6.523605409548797525e+02	1.490740740740740700e+00
6.525477544099044280e+02	1.407407407407407440e+00
6.527349684206587881e+02	1.354629629629629628e+00
6.529221829871429463e+02	1.335185185185185253e+00
6.531093981093567891e+02	1.323148148148148184e+00
6.532966137873002026e+02	1.353703703703703631e+00
6.534838300209735280e+02	1.285185185185185208e+00
6.536710468103764242e+02	1.336111111111111027e+00
6.538582641555091186e+02	1.272222222222222143e+00
6.540454820563713838e+02	1.262962962962963065e+00
6.542327005129635609e+02	1.330555555555555491e+00
6.544199195252853087e+02	1.283333333333333437e+00
6.546071390933368548e+02	1.332407407407407485e+00
6.547943592171179716e+02	1.350925925925925863e+00
6.549815798966290004e+02	1.349074074074074092e+00
6.551688011318695999e+02	1.470370370370370328e+00
6.553560229228398839e+02	1.476851851851851860e+00
6.555432452695400798e+02	1.354629629629629628e+00
6.557304681719697328e+02	1.290740740740740744e+00
6.559176916301292977e+02	1.261111111111111072e+00
6.561049156440185470e+02	1.225925925925925863e+00
6.562921402136373672e+02	1.289814814814814747e+00
6.564793653389860992e+02	1.324999999999999956e+00
6.566665910200644021e+02	1.441666666666666652e+00
6.568538172568723894e+02	1.411111111111111205e+00
6.570410440494101749e+02	1.191666666666666652e+00
6.572282713976776449e+02	1.143518518518518601e+00
6.574154993016747994e+02	1.180555555555555580e+00
6.576027277614017521e+02	1.292592592592592515e+00
6.577899567768583893e+02	1.363888888888888928e+00
6.579771863480447109e+02	1.432407407407407351e+00
6.581644164749607171e+02	1.520370370370370372e+00
6.583516471576065214e+02	1.471296296296296324e+00
6.585388783959820103e+02	1.346296296296296324e+00
6.587261101900870699e+02	1.349074074074074092e+00
6.589133425399220414e+02	1.350925925925925863e+00
6.591005754454865837e+02	1.283333333333333437e+00
6.592878089067809242e+02	1.251851851851851771e+00
6.594750429238049492e+02	1.267592592592592604e+00
6.596622774965586586e+02	1.361111111111111160e+00
6.598495126250420526e+02	1.345370370370370328e+00
6.600367483092552447e+02	1.252777777777777768e+00
6.602239845491981214e+02	1.285185185185185208e+00
6.604112213448706825e+02	1.249074074074074003e+00
6.605984586962730418e+02	1.239814814814814925e+00
6.607856966034050856e+02	1.310185185185185119e+00
6.609729350662667002e+02	1.408333333333333437e+00
6.611601740848582267e+02	1.559259259259259345e+00
6.613474136591793240e+02	1.562962962962962887e+00
6.615346537892302194e+02	1.438888888888888884e+00
6.617218944750106857e+02	1.401851851851851904e+00
6.619091357165209502e+02	1.358333333333333393e+00
6.620963775137610128e+02	1.270370370370370372e+00
6.622836198667307599e+02	1.358333333333333393e+00
6.624708627754300778e+02	1.354629629629629628e+00
6.626581062398593076e+02	1.398148148148148140e+00
6.628453502600181082e+02	1.396296296296296369e+00
6.630325948359065933e+02	1.239814814814814925e+00
6.632198399675248766e+02	1.197222222222222188e+00
6.634070856548729580e+02	1.229629629629629628e+00
6.635943318979506103e+02	1.343518518518518556e+00
6.637815786967580607e+02	1.363888888888888928e+00
6.639688260512950819e+02	1.370370370370370461e+00
6.641560739615620150e+02	1.485185185185185164e+00
6.643433224275585189e+02	1.518518518518518601e+00
6.645305714492847073e+02	1.423148148148148051e+00
6.647178210267406939e+02	1.394444444444444375e+00
6.649050711599263650e+02	1.365740740740740700e+00
6.650923218488417206e+02	1.337037037037037024e+00
6.652795730934868743e+02	1.369444444444444464e+00
6.654668248938617126e+02	1.361111111111111160e+00
6.656540772499662353e+02	1.464814814814814792e+00
6.658413301618004425e+02	1.370370370370370461e+00
6.660285836293644479e+02	1.292592592592592515e+00
6.662158376526581378e+02	1.371296296296296235e+00
6.664030922316815122e+02	1.343518518518518556e+00
6.665903473664345711e+02	1.376851851851851771e+00
6.667776030569173145e+02	1.424074074074074048e+00
6.669648593031298560e+02	1.512037037037037068e+00
6.671521161050720821e+02	1.581481481481481488e+00
6.673393734627439926e+02	1.403703703703703676e+00
6.675266313761457013e+02	1.324999999999999956e+00
6.677138898452769809e+02	1.283333333333333437e+00
6.679011488701380586e+02	1.266666666666666607e+00
6.680884084507288208e+02	1.308333333333333348e+00
6.682756685870493811e+02	1.351851851851851860e+00
6.684629292790996260e+02	1.342592592592592560e+00
6.686501905268794417e+02	1.469444444444444553e+00
6.688374523303891692e+02	1.413888888888888973e+00
6.690247146896285813e+02	1.307407407407407351e+00
6.692119776045975641e+02	1.289814814814814747e+00
6.693992410752963451e+02	1.294444444444444509e+00
6.695865051017248106e+02	1.341666666666666563e+00
6.697737696838830743e+02	1.363888888888888928e+00
6.699610348217709088e+02	1.361111111111111160e+00
6.701483005153885415e+02	1.460185185185185253e+00
6.703355667647358587e+02	1.456481481481481488e+00
6.705228335698129740e+02	1.344444444444444553e+00
6.707101009306197739e+02	1.308333333333333348e+00
6.708973688471561445e+02	1.282407407407407440e+00
6.710846373194223133e+02	1.329629629629629717e+00
6.712719063474182803e+02	1.434259259259259345e+00
6.714591759311438182e+02	1.371296296296296235e+00
6.716464460705992678e+02	1.456481481481481488e+00
6.718337167657841746e+02	1.440740740740740655e+00
6.720209880166989933e+02	1.350000000000000089e+00
6.722082598233433828e+02	1.422222222222222276e+00
6.723955321857175704e+02	1.443518518518518423e+00
6.725828051038214426e+02	1.411111111111111205e+00
6.727700785776551129e+02	1.383333333333333304e+00
6.729573526072183540e+02	1.434259259259259345e+00
6.731446271925113933e+02	1.537962962962962976e+00
6.733319023335341171e+02	1.554629629629629584e+00
6.735191780302865254e+02	1.559259259259259345e+00
6.737064542827686182e+02	1.542592592592592515e+00
6.738937310909805092e+02	1.447222222222222188e+00
6.740810084549220846e+02	1.416666666666666741e+00
6.742682863745933446e+02	1.462037037037037024e+00
6.744555648499945164e+02	1.437962962962962887e+00
6.746428438811251453e+02	1.520370370370370372e+00
6.748301234679855725e+02	1.446296296296296191e+00
6.750174036105756841e+02	1.392592592592592604e+00
6.752046843088955939e+02	1.462962962962963021e+00
6.753919655629451881e+02	1.411111111111111205e+00
6.755792473727244669e+02	1.419444444444444509e+00
6.757665297382334302e+02	1.480555555555555625e+00
6.759538126594720779e+02	1.501851851851851771e+00
6.761410961364404102e+02	1.599074074074074092e+00
6.763283801691386543e+02	1.589814814814814792e+00
6.765156647575664692e+02	1.501851851851851771e+00
6.767029499017239687e+02	1.537037037037036979e+00
6.768902356016112662e+02	1.512962962962963065e+00
6.770775218572282483e+02	1.454629629629629717e+00
6.772648086685749149e+02	1.499074074074074003e+00
6.774520960356512660e+02	1.525925925925925908e+00
6.776393839584575289e+02	1.619444444444444464e+00
6.778266724369932490e+02	1.449074074074074181e+00
6.780139614712588809e+02	1.344444444444444553e+00
6.782012510612540837e+02	1.412962962962962976e+00
6.783885412069789709e+02	1.463888888888888795e+00
6.785758319084336563e+02	1.550000000000000044e+00
6.787631231656180262e+02	1.527777777777777679e+00
6.789504149785321943e+02	1.566666666666666652e+00
6.791377073471760468e+02	1.674074074074074048e+00
6.793250002715494702e+02	1.587037037037037024e+00
6.795122937516528054e+02	1.480555555555555625e+00
6.796995877874857115e+02	1.449074074074074181e+00
6.798868823790484157e+02	1.436111111111111116e+00
6.800741775263406907e+02	1.433333333333333348e+00
6.802614732293627640e+02	1.448148148148148184e+00
6.804487694881146354e+02	1.450925925925925952e+00
6.806360663025961912e+02	1.552777777777777812e+00
6.808233636728073179e+02	1.510185185185185075e+00
6.810106615987483565e+02	1.426851851851851816e+00
6.811979600804189658e+02	1.449074074074074181e+00
6.813852591178192597e+02	1.380555555555555536e+00
6.815725587109493517e+02	1.395370370370370372e+00
6.817598588598091283e+02	1.447222222222222188e+00
6.819471595643985893e+02	1.515740740740740833e+00
6.821344608247178485e+02	1.596296296296296324e+00
6.823217626407667922e+02	1.551851851851851816e+00
6.825090650125453067e+02	1.500925925925925997e+00
6.826963679400537330e+02	1.467592592592592560e+00
6.828836714232918439e+02	1.448148148148148184e+00
6.830709754622596392e+02	1.418518518518518512e+00
6.832582800569570054e+02	1.464814814814814792e+00
6.834455852073842834e+02	1.442592592592592649e+00
6.836328909135411322e+02	1.530555555555555447e+00
6.838201971754276656e+02	1.476851851851851860e+00
6.840075039930441108e+02	1.446296296296296191e+00
6.841948113663901268e+02	1.489814814814814925e+00
6.843821192954658272e+02	1.475000000000000089e+00
6.845694277802713259e+02	1.454629629629629717e+00
6.847567368208065091e+02	1.392592592592592604e+00
6.849440464170713767e+02	1.354629629629629628e+00
6.851313565690659289e+02	1.474074074074074092e+00
6.853186672767903929e+02	1.455555555555555491e+00
6.855059785402443140e+02	1.378703703703703765e+00
6.856932903594281470e+02	1.383333333333333304e+00
6.858806027343415508e+02	1.386111111111111072e+00
6.860679156649846391e+02	1.436111111111111116e+00
6.862552291513575256e+02	1.500000000000000000e+00
6.864425431934600965e+02	1.450925925925925952e+00
6.866298577912924657e+02	1.545370370370370283e+00
6.868171729448545193e+02	1.490740740740740700e+00
6.870044886541461437e+02	1.341666666666666563e+00
6.871918049191676801e+02	1.370370370370370461e+00
6.873791217399187872e+02	1.449999999999999956e+00
6.875664391163995788e+02	1.495370370370370461e+00
6.877537570486101686e+02	1.408333333333333437e+00
6.879410755365504428e+02	1.407407407407407440e+00
6.881283945802205153e+02	1.452777777777777724e+00
6.883157141796202723e+02	1.530555555555555447e+00
6.885030343347496000e+02	1.489814814814814925e+00
6.886903550456088396e+02	1.460185185185185253e+00
6.888776763121975364e+02	1.475000000000000089e+00
6.890649981345161450e+02	1.513888888888888840e+00
6.892523205125644381e+02	1.498148148148148229e+00
6.894396434463424157e+02	1.410185185185185208e+00
6.896269669358500778e+02	1.523148148148148140e+00
6.898142909810875381e+02	1.543518518518518512e+00
6.900016155820546828e+02	1.447222222222222188e+00
6.901889407387515121e+02	1.453703703703703720e+00
6.903762664511780258e+02	1.413888888888888973e+00
6.905635927193343377e+02	1.402777777777777679e+00
6.907509195432203342e+02	1.412037037037036979e+00
6.909382469228360151e+02	1.438888888888888884e+00
6.911255748581813805e+02	1.488888888888888928e+00
6.913129033492564304e+02	1.393518518518518601e+00
6.915002323960612785e+02	1.378703703703703765e+00
6.916875619985958110e+02	1.361111111111111160e+00
6.918748921568601418e+02	1.437037037037037113e+00
6.920622228708540433e+02	1.409259259259259212e+00
6.922495541405777431e+02	1.390740740740740833e+00
6.924368859660310136e+02	1.362037037037036935e+00
6.926242183472140823e+02	1.469444444444444553e+00
6.928115512841270629e+02	1.465740740740740788e+00
6.929988847767695006e+02	1.410185185185185208e+00
6.931862188251417365e+02	1.461111111111111027e+00
6.933735534292436569e+02	1.437037037037037113e+00
6.935608885890753754e+02	1.462037037037037024e+00
6.937482243046367785e+02	1.454629629629629717e+00
6.939355605759277523e+02	1.425925925925925819e+00
6.941228974029486380e+02	1.479629629629629628e+00
6.943102347856990946e+02	1.563888888888888884e+00
6.944975727241792356e+02	1.425000000000000044e+00
6.946849112183892885e+02	1.350925925925925863e+00
6.948722502683287985e+02	1.291666666666666741e+00
6.950595898739982204e+02	1.405555555555555447e+00
6.952469300353973267e+02	1.489814814814814925e+00
6.954342707525261176e+02	1.433333333333333348e+00
6.956216120253845929e+02	1.501851851851851771e+00
6.958089538539727528e+02	1.472222222222222321e+00
6.959962962382905971e+02	1.396296296296296369e+00
6.961836391783382396e+02	1.408333333333333437e+00
6.963709826741155666e+02	1.374074074074074003e+00
6.965583267256226918e+02	1.397222222222222143e+00
6.967456713328593878e+02	1.465740740740740788e+00
6.969330164958259957e+02	1.501851851851851771e+00
6.971203622145220606e+02	1.602777777777777857e+00
6.973077084889480375e+02	1.541666666666666741e+00
6.974950553191035851e+02	1.457407407407407485e+00
6.976824027049888173e+02	1.460185185185185253e+00
6.978697506466039613e+02	1.423148148148148051e+00
6.980570991439486761e+02	1.381481481481481532e+00
6.982444481970231891e+02	1.423148148148148051e+00
6.984317978058272729e+02	1.403703703703703676e+00
6.986191479703612686e+02	1.515740740740740833e+00
6.988064986906248350e+02	1.618518518518518468e+00
6.989938499666181997e+02	1.502777777777777768e+00
6.991812017983411351e+02	1.502777777777777768e+00
6.993685541857938688e+02	1.469444444444444553e+00
6.995559071289762869e+02	1.477777777777777857e+00
6.997432606278885032e+02	1.470370370370370328e+00
6.999306146825304040e+02	1.469444444444444553e+00
7.001179692929019893e+02	1.627777777777777768e+00
7.003053244590032591e+02	1.625925925925925997e+00
7.004926801808342134e+02	1.524999999999999911e+00
7.006800364583949658e+02	1.442592592592592649e+00
7.008673932916854028e+02	1.393518518518518601e+00
7.010547506807056379e+02	1.342592592592592560e+00
7.012421086254553302e+02	1.371296296296296235e+00
7.014294671259349343e+02	1.372222222222222232e+00
7.016168261821442229e+02	1.512037037037037068e+00
7.018041857940831960e+02	1.447222222222222188e+00
7.019915459617519673e+02	1.309259259259259345e+00
7.021789066851504231e+02	1.362962962962962932e+00
7.023662679642785633e+02	1.407407407407407440e+00
7.025536297991363881e+02	1.437037037037037113e+00
7.027409921897240110e+02	1.461111111111111027e+00
7.029283551360412048e+02	1.444444444444444420e+00
7.031157186380880830e+02	1.558333333333333348e+00
7.033030826958648731e+02	1.534259259259259212e+00
7.034904473093712340e+02	1.488888888888888928e+00
7.036778124786073931e+02	1.482407407407407396e+00
7.038651782035732367e+02	1.488888888888888928e+00
7.040525444842687648e+02	1.484259259259259167e+00
7.042399113206940910e+02	1.443518518518518423e+00
7.044272787128489881e+02	1.312037037037037113e+00
7.046146466607336833e+02	1.444444444444444420e+00
7.048020151643480631e+02	1.475000000000000089e+00
7.049893842236921273e+02	1.399999999999999911e+00
7.051767538387659897e+02	1.387037037037037068e+00
7.053641240095694229e+02	1.337037037037037024e+00
7.055514947361027680e+02	1.344444444444444553e+00
7.057388660183656839e+02	1.410185185185185208e+00
7.059262378563582843e+02	1.449074074074074181e+00
7.061136102500806828e+02	1.583333333333333259e+00
7.063009831995327659e+02	1.578703703703703720e+00
7.064883567047146471e+02	1.387037037037037068e+00
7.066757307656260991e+02	1.348148148148148096e+00
7.068631053822673493e+02	1.385185185185185075e+00
7.070504805546382840e+02	1.373148148148148229e+00
7.072378562827389032e+02	1.363888888888888928e+00
7.074252325665693206e+02	1.377777777777777768e+00
7.076126094061294225e+02	1.523148148148148140e+00
7.077999868014192089e+02	1.426851851851851816e+00
7.079873647524386797e+02	1.391666666666666607e+00
7.081747432591878351e+02	1.491666666666666696e+00
7.083621223216667886e+02	1.486111111111111160e+00
7.085495019398754266e+02	1.453703703703703720e+00
7.087368821138138628e+02	1.492592592592592693e+00
7.089242628434818698e+02	1.499074074074074003e+00
7.091116441288795613e+02	1.555555555555555580e+00
7.092990259700070510e+02	1.539814814814814747e+00
7.094864083668642252e+02	1.520370370370370372e+00
7.096737913194513112e+02	1.553703703703703809e+00
7.098611748277678544e+02	1.509259259259259300e+00
7.100485588918140820e+02	1.468518518518518556e+00
7.102359435115902215e+02	1.464814814814814792e+00
7.104233286870959319e+02	1.418518518518518512e+00
7.106107144183314404e+02	1.482407407407407396e+00
7.107981007052966334e+02	1.517592592592592604e+00
7.109854875479916245e+02	1.401851851851851904e+00
7.111728749464161865e+02	1.389814814814814836e+00
7.113602629005704330e+02	1.421296296296296280e+00
7.115476514104544776e+02	1.516666666666666607e+00
7.117350404760682068e+02	1.517592592592592604e+00
7.119224300974117341e+02	1.498148148148148229e+00
7.121098202744848322e+02	1.581481481481481488e+00
7.122972110072877285e+02	1.596296296296296324e+00
7.124846022958203093e+02	1.527777777777777679e+00
7.126719941400826883e+02	1.504629629629629539e+00
7.128593865400746381e+02	1.490740740740740700e+00
7.130467794957963861e+02	1.477777777777777857e+00
7.132341730072478185e+02	1.457407407407407485e+00
7.134215670744290492e+02	1.420370370370370283e+00
7.136089616973398506e+02	1.537962962962962976e+00
7.137963568759804502e+02	1.497222222222222232e+00
7.139837526103507344e+02	1.378703703703703765e+00
7.141711489004507030e+02	1.416666666666666741e+00
7.143585457462804698e+02	1.425925925925925819e+00
7.145459431478398074e+02	1.461111111111111027e+00
7.147333411051290568e+02	1.473148148148148096e+00
7.149207396181478771e+02	1.489814814814814925e+00
7.151081386868963818e+02	1.586111111111111027e+00
7.152955383113746848e+02	1.613888888888888928e+00
7.154829384915826722e+02	1.444444444444444420e+00
7.156703392275203441e+02	1.408333333333333437e+00
7.158577405191878142e+02	1.366666666666666696e+00
7.160451423665849688e+02	1.374074074074074003e+00
7.162325447697116942e+02	1.439814814814814881e+00
7.164199477285683315e+02	1.453703703703703720e+00
7.166073512431546533e+02	1.542592592592592515e+00
7.167947553134705458e+02	1.452777777777777724e+00
7.169821599395163503e+02	1.385185185185185075e+00
7.171695651212917255e+02	1.407407407407407440e+00
7.173569708587967853e+02	1.422222222222222276e+00
7.175443771520315295e+02	1.537962962962962976e+00
7.177317840009961856e+02	1.595370370370370328e+00
7.179191914056904125e+02	1.589814814814814792e+00
7.181065993661143239e+02	1.684259259259259345e+00
7.182940078822680334e+02	1.627777777777777768e+00
7.184814169541514275e+02	1.534259259259259212e+00
7.186688265817645060e+02	1.477777777777777857e+00
7.188562367651072691e+02	1.439814814814814881e+00
7.190436475041798303e+02	1.435185185185185119e+00
7.192310587989820760e+02	1.492592592592592693e+00
7.194184706495140063e+02	1.516666666666666607e+00
7.196058830557756210e+02	1.625000000000000000e+00
7.197932960177670338e+02	1.574074074074074181e+00
7.199807095354881312e+02	1.500000000000000000e+00
7.201681236089389131e+02	1.554629629629629584e+00
7.203555382381193795e+02	1.504629629629629539e+00
7.205429534230296440e+02	1.532407407407407440e+00
7.207303691636695930e+02	1.522222222222222143e+00
7.209177854600392266e+02	1.462962962962963021e+00
7.211052023121385446e+02	1.542592592592592515e+00
7.212926197199676608e+02	1.628703703703703765e+00
7.214800376835264615e+02	1.537037037037036979e+00
7.216674562028149467e+02	1.466666666666666563e+00
7.218548752778331163e+02	1.437037037037037113e+00
7.220422949085810842e+02	1.408333333333333437e+00
7.222297150950587366e+02	1.490740740740740700e+00
7.224171358372659597e+02	1.519444444444444375e+00
7.226045571352030947e+02	1.655555555555555447e+00
7.227919789888699142e+02	1.516666666666666607e+00
7.229794013982664183e+02	1.421296296296296280e+00
7.231668243633926068e+02	1.492592592592592693e+00
7.233542478842484797e+02	1.544444444444444509e+00
7.235416719608340372e+02	1.557407407407407351e+00
7.237290965931493929e+02	1.533333333333333437e+00
7.239165217811944331e+02	1.544444444444444509e+00
7.241039475249691577e+02	1.682407407407407351e+00
7.242913738244736805e+02	1.646296296296296369e+00
7.244788006797077742e+02	1.489814814814814925e+00
7.246662280906716660e+02	1.450925925925925952e+00
7.248536560573653560e+02	1.405555555555555447e+00
7.250410845797886168e+02	1.441666666666666652e+00
7.252285136579416758e+02	1.532407407407407440e+00
7.254159432918244192e+02	1.516666666666666607e+00
7.256033734814368472e+02	1.621296296296296235e+00
7.257908042267790734e+02	1.652777777777777679e+00
7.259782355278508703e+02	1.547222222222222276e+00
7.261656673846525791e+02	1.600000000000000089e+00
7.263530997971838588e+02	1.597222222222222321e+00
7.265405327654448229e+02	1.586111111111111027e+00
7.267279662894354715e+02	1.599074074074074092e+00
7.269154003691560320e+02	1.637037037037037068e+00
7.271028350046060496e+02	1.774999999999999911e+00
7.272902701957859790e+02	1.774074074074074137e+00
7.274777059426955930e+02	1.664814814814814747e+00
7.276651422453348914e+02	1.603703703703703631e+00
7.278525791037038744e+02	1.553703703703703809e+00
7.280400165178025418e+02	1.496296296296296235e+00
7.282274544876308937e+02	1.553703703703703809e+00
7.284148930131891575e+02	1.604629629629629628e+00
7.286023320944768784e+02	1.814814814814814881e+00
7.287897717314945112e+02	1.704629629629629717e+00
7.289772119242418285e+02	1.598148148148148096e+00
7.291646526727188302e+02	1.520370370370370372e+00
7.293520939769255165e+02	1.483333333333333393e+00
7.295395358368618872e+02	1.584259259259259256e+00
7.297269782525279425e+02	1.591666666666666563e+00
7.299144212239239096e+02	1.587962962962963021e+00
7.301018647510493338e+02	1.673148148148148051e+00
7.302893088339046699e+02	1.648148148148148140e+00
7.304767534724896905e+02	1.680555555555555580e+00
7.306641986668042819e+02	1.642592592592592604e+00
7.308516444168487851e+02	1.605555555555555625e+00
7.310390907226228592e+02	1.626851851851851771e+00
7.312265375841266177e+02	1.716666666666666563e+00
7.314139850013601745e+02	1.664814814814814747e+00
7.316014329743234157e+02	1.761111111111111072e+00
7.317888815030163414e+02	1.673148148148148051e+00
7.319763305874389516e+02	1.629629629629629539e+00
7.321637802275913600e+02	1.659259259259259212e+00
7.323512304234734529e+02	1.652777777777777679e+00
7.325386811750853440e+02	1.666666666666666741e+00
7.327261324824268058e+02	1.692592592592592649e+00
7.329135843454980659e+02	1.683333333333333348e+00
7.331010367642990104e+02	1.852777777777777857e+00
7.332884897388296395e+02	1.728703703703703631e+00
7.334759432690900667e+02	1.592592592592592560e+00
7.336633973550801784e+02	1.612962962962962932e+00
7.338508519967998609e+02	1.679629629629629584e+00
7.340383071942494553e+02	1.642592592592592604e+00
7.342257629474286205e+02	1.610185185185185164e+00
7.344132192563375838e+02	1.582407407407407485e+00
7.346006761209762317e+02	1.746296296296296235e+00
7.347881335413444504e+02	1.775925925925925908e+00
7.349755915174425809e+02	1.663888888888888973e+00
7.351630500492703959e+02	1.689814814814814881e+00
7.353505091368278954e+02	1.657407407407407440e+00
7.355379687801150794e+02	1.658333333333333437e+00
7.357254289791319479e+02	1.697222222222222188e+00
7.359128897338786146e+02	1.846296296296296324e+00
7.361003510443549658e+02	2.027777777777777679e+00
